Arkivtema,Arkivtema,AA,AAR
Arkivtema,Arkivtema,AA;AG,AAR
Arkivtema,Arkivtema,AA;AO,AAR
Arkivtema,Arkivtema,AT,YRA
Arkivtema,Arkivtema,AT;RB,YRA
Arkivtema,Arkivtema,AT;RB;AT,YRA
Arkivtema,Arkivtema,AT;RB;AY,YRA
Arkivtema,Arkivtema,AT;RB;MS,YRA
Arkivtema,Arkivtema,AT;RB;TF,YRA
Arkivtema,Arkivtema,AT;RB;US,YRA
Arkivtema,Arkivtema,AT;RB;VT,YRA
Arkivtema,Arkivtema,AT;RP,YRA
Arkivtema,Arkivtema,AT;RP;AT,YRA
Arkivtema,Arkivtema,AT;RP;AY,YRA
Arkivtema,Arkivtema,AT;RP;EN,YRA
Arkivtema,Arkivtema,AT;RP;MS,YRA
Arkivtema,Arkivtema,AT;RP;RT,YRA
Arkivtema,Arkivtema,AT;RP;TF,YRA
Arkivtema,Arkivtema,AT;RP;US,YRA
Arkivtema,Arkivtema,AT;RP;VT,YRA
Arkivtema,Arkivtema,AT;RP;YS,YRA
Arkivtema,Arkivtema,BA,BAR
Arkivtema,Arkivtema,BA;OR,BAR
Arkivtema,Arkivtema,BA;OR;EU,BAR
Arkivtema,Arkivtema,BA;OR;IB,BAR
Arkivtema,Arkivtema,BA;OR;MB,BAR
Arkivtema,Arkivtema,BA;OR;MD,BAR
Arkivtema,Arkivtema,BA;OR;ME,BAR
Arkivtema,Arkivtema,BA;OR;OS,BAR
Arkivtema,Arkivtema,BA;UT,BAR
Arkivtema,Arkivtema,BA;UT;EF,BAR
Arkivtema,Arkivtema,BA;UT;EU,BAR
Arkivtema,Arkivtema,BA;UT;MB,BAR
Arkivtema,Arkivtema,BA;UT;MD,BAR
Arkivtema,Arkivtema,BA;UT;ME,BAR
Arkivtema,Arkivtema,BS,OMS
Arkivtema,Arkivtema,BS;OM,OMS
Arkivtema,Arkivtema,BS;OM;NA,OMS
Arkivtema,Arkivtema,BS;OM;UL,OMS
Arkivtema,Arkivtema,BS;OP,OMS
Arkivtema,Arkivtema,BS;OP;NA,OMS
Arkivtema,Arkivtema,BS;OP;UL,OMS
Arkivtema,Arkivtema,BS;PB,OMS
Arkivtema,Arkivtema,BS;PB;NA,OMS
Arkivtema,Arkivtema,BS;PB;UL,OMS
Arkivtema,Arkivtema,BS;PI,OMS
Arkivtema,Arkivtema,BS;PI;NA,OMS
Arkivtema,Arkivtema,BS;PI;UL,OMS
Arkivtema,Arkivtema,BS;PN,OMS
Arkivtema,Arkivtema,BS;PN;NA,OMS
Arkivtema,Arkivtema,BS;PN;UL,OMS
Arkivtema,Arkivtema,BS;PP,OMS
Arkivtema,Arkivtema,BS;PP;NA,OMS
Arkivtema,Arkivtema,BS;PP;UL,OMS
Arkivtema,Arkivtema,EF,ENF
Arkivtema,Arkivtema,EF;BT,ENF
Arkivtema,Arkivtema,EF;BT;OR,ENF
Arkivtema,Arkivtema,EF;FL,ENF
Arkivtema,Arkivtema,EF;OG,ENF
Arkivtema,Arkivtema,EF;OG;NY,ENF
Arkivtema,Arkivtema,EF;OG;OR,ENF
Arkivtema,Arkivtema,EF;UT,ENF
Arkivtema,Arkivtema,EF;UT;AK,ENF
Arkivtema,Arkivtema,EF;UT;OL,ENF
Arkivtema,Arkivtema,EF;UT;OR,ENF
Arkivtema,Arkivtema,FA,FOR
Arkivtema,Arkivtema,FA;AE,FOR
Arkivtema,Arkivtema,FA;AP,FOR
Arkivtema,Arkivtema,FA;AP;FG,FOR
Arkivtema,Arkivtema,FA;AP;FK,FOR
Arkivtema,Arkivtema,FA;AP;FU,FOR
Arkivtema,Arkivtema,FA;AP;GA,FOR
Arkivtema,Arkivtema,FA;AP;OS,FOR
Arkivtema,Arkivtema,FA;AP;UA,FOR
Arkivtema,Arkivtema,FA;AP;UF,FOR
Arkivtema,Arkivtema,FA;AP;US,FOR
Arkivtema,Arkivtema,FA;AT,FOR
Arkivtema,Arkivtema,FA;FE,FOR
Arkivtema,Arkivtema,FA;FE;NA,FOR
Arkivtema,Arkivtema,FA;FE;UL,FOR
Arkivtema,Arkivtema,FA;FP,FOR
Arkivtema,Arkivtema,FA;FP;F�,FOR
Arkivtema,Arkivtema,FA;FP;OR,FOR
Arkivtema,Arkivtema,FA;FU,FOR
Arkivtema,Arkivtema,FA;FU;FG,FOR
Arkivtema,Arkivtema,FA;FU;FK,FOR
Arkivtema,Arkivtema,FA;FU;FU,FOR
Arkivtema,Arkivtema,FA;FU;GA,FOR
Arkivtema,Arkivtema,FA;FU;OS,FOR
Arkivtema,Arkivtema,FA;FU;UA,FOR
Arkivtema,Arkivtema,FA;FU;UF,FOR
Arkivtema,Arkivtema,FA;FU;US,FOR
Arkivtema,Arkivtema,FA;F�,FOR
Arkivtema,Arkivtema,FA;F�;FG,FOR
Arkivtema,Arkivtema,FA;F�;FK,FOR
Arkivtema,Arkivtema,FA;F�;FU,FOR
Arkivtema,Arkivtema,FA;F�;GA,FOR
Arkivtema,Arkivtema,FA;F�;OS,FOR
Arkivtema,Arkivtema,FA;F�;UA,FOR
Arkivtema,Arkivtema,FA;F�;UF,FOR
Arkivtema,Arkivtema,FA;F�;US,FOR
Arkivtema,Arkivtema,FA;SV,FOR
Arkivtema,Arkivtema,FL,HEL
Arkivtema,Arkivtema,FL;FL,HEL
Arkivtema,Arkivtema,FO,FOS
Arkivtema,Arkivtema,FO;FA,FOS
Arkivtema,Arkivtema,FO;FF,FOS
Arkivtema,Arkivtema,FO;FT,FOS
Arkivtema,Arkivtema,FO;FU,FOS
Arkivtema,Arkivtema,FO;YN,FOS
Arkivtema,Arkivtema,FP,ENF
Arkivtema,Arkivtema,FP;FL,ENF
Arkivtema,Arkivtema,FP;UT,ENF
Arkivtema,Arkivtema,FP;UT;AK,ENF
Arkivtema,Arkivtema,FP;UT;OL,ENF
Arkivtema,Arkivtema,FP;UT;OR,ENF
Arkivtema,Arkivtema,GE,GEN
Arkivtema,Arkivtema,GE;CI,GEN
Arkivtema,Arkivtema,GE;ER,GEN
Arkivtema,Arkivtema,GE;EY,GEN
Arkivtema,Arkivtema,GE;FU,GEN
Arkivtema,Arkivtema,GE;GI,GEN
Arkivtema,Arkivtema,GE;GU,GEN
Arkivtema,Arkivtema,GE;HK,GEN
Arkivtema,Arkivtema,GE;HK;AN,GEN
Arkivtema,Arkivtema,GE;HK;FT,GEN
Arkivtema,Arkivtema,GE;HK;HS,GEN
Arkivtema,Arkivtema,GE;HK;IB,GEN
Arkivtema,Arkivtema,GE;HK;SB,GEN
Arkivtema,Arkivtema,GE;HK;TB,GEN
Arkivtema,Arkivtema,GE;HK;TT,GEN
Arkivtema,Arkivtema,GE;HK;VB,GEN
Arkivtema,Arkivtema,GE;SO,GEN
Arkivtema,Arkivtema,GE;TB,GEN
Arkivtema,Arkivtema,GE;TP,GEN
Arkivtema,Arkivtema,GE;TT,GEN
Arkivtema,Arkivtema,GE;TY,GEN
Arkivtema,Arkivtema,GE;UM,MED
Arkivtema,Arkivtema,GE;VK,GEN
Arkivtema,Arkivtema,GH,GRU
Arkivtema,Arkivtema,GH;GS,GRU
Arkivtema,Arkivtema,GH;GS;EU,GRU
Arkivtema,Arkivtema,GH;GS;FU,GRU
Arkivtema,Arkivtema,GH;GS;OR,GRU
Arkivtema,Arkivtema,GH;GS;YS,GRU
Arkivtema,Arkivtema,GH;HS,GRU
Arkivtema,Arkivtema,GH;HS;BE,GRU
Arkivtema,Arkivtema,GH;HS;EU,GRU
Arkivtema,Arkivtema,GH;HS;FU,GRU
Arkivtema,Arkivtema,GH;HS;OR,GRU
Arkivtema,Arkivtema,GH;HS;YS,GRU
Arkivtema,Arkivtema,GJ,ENF
Arkivtema,Arkivtema,GJ;BT,ENF
Arkivtema,Arkivtema,GJ;BT;OR,ENF
Arkivtema,Arkivtema,GJ;FL,ENF
Arkivtema,Arkivtema,GJ;UT,ENF
Arkivtema,Arkivtema,GJ;UT;AK,ENF
Arkivtema,Arkivtema,GJ;UT;OL,ENF
Arkivtema,Arkivtema,GJ;UT;OR,ENF
Arkivtema,Arkivtema,GS,GRA
Arkivtema,Arkivtema,GS;BT,GRA
Arkivtema,Arkivtema,GS;BT;NA,GRA
Arkivtema,Arkivtema,GS;BT;UL,GRA
Arkivtema,Arkivtema,GS;GB,GRA
Arkivtema,Arkivtema,GS;GB;NA,GRA
Arkivtema,Arkivtema,GS;GB;UL,GRA
Arkivtema,Arkivtema,GS;GD,GRA
Arkivtema,Arkivtema,GS;GD;NA,GRA
Arkivtema,Arkivtema,GS;GD;NU,GRA
Arkivtema,Arkivtema,GS;GU,GRA
Arkivtema,Arkivtema,HJ,HJE
Arkivtema,Arkivtema,HJ;AR,HJE
Arkivtema,Arkivtema,HJ;AR;AN,HJE
Arkivtema,Arkivtema,HJ;AR;AT,HJE
Arkivtema,Arkivtema,HJ;AR;AU,HJE
Arkivtema,Arkivtema,HJ;AR;SL,HJE
Arkivtema,Arkivtema,HJ;AR;ST,HJE
Arkivtema,Arkivtema,HJ;AR;SU,HJE
Arkivtema,Arkivtema,HJ;AU,HJE
Arkivtema,Arkivtema,HJ;AU;AR,HJE
Arkivtema,Arkivtema,HJ;AU;UT,HJE
Arkivtema,Arkivtema,HJ;BD,HJE
Arkivtema,Arkivtema,HJ;DA,HJE
Arkivtema,Arkivtema,HJ;DA;AK,HJE
Arkivtema,Arkivtema,HJ;DA;AN,HJE
Arkivtema,Arkivtema,HJ;DA;BA,HJE
Arkivtema,Arkivtema,HJ;DA;BH,HJE
Arkivtema,Arkivtema,HJ;DA;L�,HJE
Arkivtema,Arkivtema,HJ;DA;SH,HJE
Arkivtema,Arkivtema,HJ;DA;SK,HJE
Arkivtema,Arkivtema,HJ;DA;TR,HJE
Arkivtema,Arkivtema,HJ;DA;UL,HJE
Arkivtema,Arkivtema,HJ;EE,HJE
Arkivtema,Arkivtema,HJ;FA,HJE
Arkivtema,Arkivtema,HJ;F�,HJE
Arkivtema,Arkivtema,HJ;GB,HJE
Arkivtema,Arkivtema,HJ;GM,HJE
Arkivtema,Arkivtema,HJ;GM;AE,HJE
Arkivtema,Arkivtema,HJ;GM;AN,HJE
Arkivtema,Arkivtema,HJ;GM;SK,HJE
Arkivtema,Arkivtema,HJ;H�,HJE
Arkivtema,Arkivtema,HJ;H�;AR,HJE
Arkivtema,Arkivtema,HJ;H�;DA,HJE
Arkivtema,Arkivtema,HJ;H�;UL,HJE
Arkivtema,Arkivtema,HJ;IT,HJE
Arkivtema,Arkivtema,HJ;IT;AN,HJE
Arkivtema,Arkivtema,HJ;IT;AT,HJE
Arkivtema,Arkivtema,HJ;IT;BA,HJE
Arkivtema,Arkivtema,HJ;IT;DA,HJE
Arkivtema,Arkivtema,HJ;IT;L�,HJE
Arkivtema,Arkivtema,HJ;IT;SK,HJE
Arkivtema,Arkivtema,HJ;IT;ST,HJE
Arkivtema,Arkivtema,HJ;IT;TR,HJE
Arkivtema,Arkivtema,HJ;KO,BIL
Arkivtema,Arkivtema,HJ;KO;AL,BIL
Arkivtema,Arkivtema,HJ;KO;AT,BIL
Arkivtema,Arkivtema,HJ;KO;DA,BIL
Arkivtema,Arkivtema,HJ;KO;DT,BIL
Arkivtema,Arkivtema,HJ;LS,HJE
Arkivtema,Arkivtema,HJ;LS;AD,HJE
Arkivtema,Arkivtema,HJ;LS;AR,HJE
Arkivtema,Arkivtema,HJ;LS;DA,HJE
Arkivtema,Arkivtema,HJ;LS;OP,HJE
Arkivtema,Arkivtema,HJ;MP,BIL
Arkivtema,Arkivtema,HJ;MP;AL,BIL
Arkivtema,Arkivtema,HJ;MP;DL,BIL
Arkivtema,Arkivtema,HJ;MT,BIL
Arkivtema,Arkivtema,HJ;MT;AL,BIL
Arkivtema,Arkivtema,HJ;MT;AR,BIL
Arkivtema,Arkivtema,HJ;MT;AT,BIL
Arkivtema,Arkivtema,HJ;MT;DA,BIL
Arkivtema,Arkivtema,HJ;MT;DL,BIL
Arkivtema,Arkivtema,HJ;MT;DT,BIL
Arkivtema,Arkivtema,HJ;MU,BIL
Arkivtema,Arkivtema,HJ;MU;AL,BIL
Arkivtema,Arkivtema,HJ;MU;AR,BIL
Arkivtema,Arkivtema,HJ;MU;AT,BIL
Arkivtema,Arkivtema,HJ;MU;DA,BIL
Arkivtema,Arkivtema,HJ;MU;DL,BIL
Arkivtema,Arkivtema,HJ;MU;DT,BIL
Arkivtema,Arkivtema,HJ;M1,BIL
Arkivtema,Arkivtema,HJ;M1;AT,BIL
Arkivtema,Arkivtema,HJ;M1;DT,BIL
Arkivtema,Arkivtema,HJ;M2,BIL
Arkivtema,Arkivtema,HJ;M2;AL,BIL
Arkivtema,Arkivtema,HJ;M2;DL,BIL
Arkivtema,Arkivtema,HJ;OP,HJE
Arkivtema,Arkivtema,HJ;OP;AN,HJE
Arkivtema,Arkivtema,HJ;OP;FS,HJE
Arkivtema,Arkivtema,HJ;OP;KB,HJE
Arkivtema,Arkivtema,HJ;OP;KD,HJE
Arkivtema,Arkivtema,HJ;OP;KH,HJE
Arkivtema,Arkivtema,HJ;OT,HJE
Arkivtema,Arkivtema,HJ;OT;AR,HJE
Arkivtema,Arkivtema,HJ;RE,HJE
Arkivtema,Arkivtema,HJ;RU,HJE
Arkivtema,Arkivtema,HJ;RU;AT,HJE
Arkivtema,Arkivtema,HJ;RU;DT,HJE
Arkivtema,Arkivtema,HJ;SE,HJE
Arkivtema,Arkivtema,HJ;TH,HJE
Arkivtema,Arkivtema,HJ;TH;AO,HJE
Arkivtema,Arkivtema,HJ;TH;AR,HJE
Arkivtema,Arkivtema,HJ;TH;DA,HJE
Arkivtema,Arkivtema,HJ;TH;DO,HJE
Arkivtema,Arkivtema,HJ;TL,HJE
Arkivtema,Arkivtema,HJ;TL;AO,HJE
Arkivtema,Arkivtema,HJ;TL;AR,HJE
Arkivtema,Arkivtema,HJ;TL;DA,HJE
Arkivtema,Arkivtema,HJ;TL;DO,HJE
Arkivtema,Arkivtema,HJ;TM,HJE
Arkivtema,Arkivtema,HJ;TM;AR,HJE
Arkivtema,Arkivtema,HJ;TM;DA,HJE
Arkivtema,Arkivtema,HT,HEL
Arkivtema,Arkivtema,HT;AS,HEL
Arkivtema,Arkivtema,HT;AU,HEL
Arkivtema,Arkivtema,HT;BD,HEL
Arkivtema,Arkivtema,HT;ER,HEL
Arkivtema,Arkivtema,HT;ER;AO,HEL
Arkivtema,Arkivtema,HT;ER;BO,HEL
Arkivtema,Arkivtema,HT;ER;CO,HEL
Arkivtema,Arkivtema,HT;ER;DO,HEL
Arkivtema,Arkivtema,HT;ER;EN,HEL
Arkivtema,Arkivtema,HT;ER;EO,HEL
Arkivtema,Arkivtema,HT;ER;FO,HEL
Arkivtema,Arkivtema,HT;ER;GO,HEL
Arkivtema,Arkivtema,HT;ER;HO,HEL
Arkivtema,Arkivtema,HT;ER;IN,HEL
Arkivtema,Arkivtema,HT;ER;IO,HEL
Arkivtema,Arkivtema,HT;ER;JO,HEL
Arkivtema,Arkivtema,HT;ER;KO,HEL
Arkivtema,Arkivtema,HT;ER;KS,HEL
Arkivtema,Arkivtema,HT;ER;LO,HEL
Arkivtema,Arkivtema,HT;ER;MO,HEL
Arkivtema,Arkivtema,HT;ER;NI,HEL
Arkivtema,Arkivtema,HT;ER;NO,HEL
Arkivtema,Arkivtema,HT;ER;N2,HEL
Arkivtema,Arkivtema,HT;ER;OA,HEL
Arkivtema,Arkivtema,HT;ER;OB,HEL
Arkivtema,Arkivtema,HT;ER;OC,HEL
Arkivtema,Arkivtema,HT;ER;OD,HEL
Arkivtema,Arkivtema,HT;ER;OE,HEL
Arkivtema,Arkivtema,HT;ER;OF,HEL
Arkivtema,Arkivtema,HT;ER;OG,HEL
Arkivtema,Arkivtema,HT;ER;OH,HEL
Arkivtema,Arkivtema,HT;ER;OI,HEL
Arkivtema,Arkivtema,HT;ER;OJ,HEL
Arkivtema,Arkivtema,HT;ER;OK,HEL
Arkivtema,Arkivtema,HT;ER;OL,HEL
Arkivtema,Arkivtema,HT;ER;OM,HEL
Arkivtema,Arkivtema,HT;ER;ON,HEL
Arkivtema,Arkivtema,HT;ER;OO,HEL
Arkivtema,Arkivtema,HT;ER;OP,HEL
Arkivtema,Arkivtema,HT;ER;OQ,HEL
Arkivtema,Arkivtema,HT;ER;OR,HEL
Arkivtema,Arkivtema,HT;ER;OS,HEL
Arkivtema,Arkivtema,HT;ER;OT,HEL
Arkivtema,Arkivtema,HT;ER;OU,HEL
Arkivtema,Arkivtema,HT;ER;OV,HEL
Arkivtema,Arkivtema,HT;ER;OW,HEL
Arkivtema,Arkivtema,HT;ER;OX,HEL
Arkivtema,Arkivtema,HT;ER;OY,HEL
Arkivtema,Arkivtema,HT;ER;OZ,HEL
Arkivtema,Arkivtema,HT;ER;O�,HEL
Arkivtema,Arkivtema,HT;ER;O�,HEL
Arkivtema,Arkivtema,HT;ER;O�,HEL
Arkivtema,Arkivtema,HT;ER;O1,HEL
Arkivtema,Arkivtema,HT;ER;O2,HEL
Arkivtema,Arkivtema,HT;ER;PO,HEL
Arkivtema,Arkivtema,HT;ER;QO,HEL
Arkivtema,Arkivtema,HT;ER;RO,HEL
Arkivtema,Arkivtema,HT;ER;S,HEL
Arkivtema,Arkivtema,HT;ER;SE,HEL
Arkivtema,Arkivtema,HT;ER;SO,HEL
Arkivtema,Arkivtema,HT;ER;SP,HEL
Arkivtema,Arkivtema,HT;ER;ST,HEL
Arkivtema,Arkivtema,HT;ER;SY,HEL
Arkivtema,Arkivtema,HT;ER;TE,HEL
Arkivtema,Arkivtema,HT;ER;TO,HEL
Arkivtema,Arkivtema,HT;ER;TS,HEL
Arkivtema,Arkivtema,HT;ER;TY,HEL
Arkivtema,Arkivtema,HT;ER;UO,HEL
Arkivtema,Arkivtema,HT;ER;VE,HEL
Arkivtema,Arkivtema,HT;ER;VO,HEL
Arkivtema,Arkivtema,HT;ER;WO,HEL
Arkivtema,Arkivtema,HT;ER;XO,HEL
Arkivtema,Arkivtema,HT;ER;XX,HEL
Arkivtema,Arkivtema,HT;ER;YN,HEL
Arkivtema,Arkivtema,HT;ER;YO,HEL
Arkivtema,Arkivtema,HT;ER;YV,HEL
Arkivtema,Arkivtema,HT;ER;ZO,HEL
Arkivtema,Arkivtema,HT;ER;�O,HEL
Arkivtema,Arkivtema,HT;ER;�O,HEL
Arkivtema,Arkivtema,HT;ER;�O,HEL
Arkivtema,Arkivtema,HT;ER;�T,HEL
Arkivtema,Arkivtema,HT;FB,HEL
Arkivtema,Arkivtema,HT;FB;OR,HEL
Arkivtema,Arkivtema,HT;FB;YS,HEL
Arkivtema,Arkivtema,HT;FE,HEL
Arkivtema,Arkivtema,HT;FR,HEL
Arkivtema,Arkivtema,HT;FT,HEL
Arkivtema,Arkivtema,HT;HF,HEL
Arkivtema,Arkivtema,HT;JM,HEL
Arkivtema,Arkivtema,HT;KP,HEL
Arkivtema,Arkivtema,HT;KR,HEL
Arkivtema,Arkivtema,HT;KR;FB,HEL
Arkivtema,Arkivtema,HT;KR;KP,HEL
Arkivtema,Arkivtema,HT;KR;LH,HEL
Arkivtema,Arkivtema,HT;KR;LM,HEL
Arkivtema,Arkivtema,HT;KR;LS,HEL
Arkivtema,Arkivtema,HT;KR;TA,HEL
Arkivtema,Arkivtema,HT;KU,HEL
Arkivtema,Arkivtema,HT;KU;AA,HEL
Arkivtema,Arkivtema,HT;KU;AG,HEL
Arkivtema,Arkivtema,HT;KU;IC,HEL
Arkivtema,Arkivtema,HT;KU;MH,HEL
Arkivtema,Arkivtema,HT;KU;UD,HEL
Arkivtema,Arkivtema,HT;KU;UF,HEL
Arkivtema,Arkivtema,HT;LA,HEL
Arkivtema,Arkivtema,HT;LH,HEL
Arkivtema,Arkivtema,HT;LH;OR,HEL
Arkivtema,Arkivtema,HT;LH;YS,HEL
Arkivtema,Arkivtema,HT;LM,HEL
Arkivtema,Arkivtema,HT;LM;AH,HEL
Arkivtema,Arkivtema,HT;LM;BD,HEL
Arkivtema,Arkivtema,HT;LM;BN,HEL
Arkivtema,Arkivtema,HT;LM;DN,HEL
Arkivtema,Arkivtema,HT;LM;KM,HEL
Arkivtema,Arkivtema,HT;LM;KS,HEL
Arkivtema,Arkivtema,HT;LM;LB,HEL
Arkivtema,Arkivtema,HT;LM;LP,HEL
Arkivtema,Arkivtema,HT;LM;LY,HEL
Arkivtema,Arkivtema,HT;LM;MD,HEL
Arkivtema,Arkivtema,HT;LM;ME,HEL
Arkivtema,Arkivtema,HT;LM;MI,HEL
Arkivtema,Arkivtema,HT;LM;PB,HEL
Arkivtema,Arkivtema,HT;LM;PL,HEL
Arkivtema,Arkivtema,HT;LM;PM,HEL
Arkivtema,Arkivtema,HT;LM;PO,HEL
Arkivtema,Arkivtema,HT;LM;PX,HEL
Arkivtema,Arkivtema,HT;LM;SF,HEL
Arkivtema,Arkivtema,HT;LM;SS,HEL
Arkivtema,Arkivtema,HT;LM;YS,HEL
Arkivtema,Arkivtema,HT;LM;YV,HEL
Arkivtema,Arkivtema,HT;OA,HEL
Arkivtema,Arkivtema,HT;OA;AM,HEL
Arkivtema,Arkivtema,HT;OA;AN,HEL
Arkivtema,Arkivtema,HT;OA;BD,HEL
Arkivtema,Arkivtema,HT;OA;FB,HEL
Arkivtema,Arkivtema,HT;OA;HI,HEL
Arkivtema,Arkivtema,HT;OA;KP,HEL
Arkivtema,Arkivtema,HT;OA;LA,HEL
Arkivtema,Arkivtema,HT;OA;LE,HEL
Arkivtema,Arkivtema,HT;OA;PL,HEL
Arkivtema,Arkivtema,HT;OA;PY,HEL
Arkivtema,Arkivtema,HT;OA;RU,HEL
Arkivtema,Arkivtema,HT;OA;TA,HEL
Arkivtema,Arkivtema,HT;OA;XX,HEL
Arkivtema,Arkivtema,HT;OD,HEL
Arkivtema,Arkivtema,HT;OD;AM,HEL
Arkivtema,Arkivtema,HT;OD;AN,HEL
Arkivtema,Arkivtema,HT;OD;BD,HEL
Arkivtema,Arkivtema,HT;OD;FB,HEL
Arkivtema,Arkivtema,HT;OD;HI,HEL
Arkivtema,Arkivtema,HT;OD;KP,HEL
Arkivtema,Arkivtema,HT;OD;LA,HEL
Arkivtema,Arkivtema,HT;OD;LE,HEL
Arkivtema,Arkivtema,HT;OD;PL,HEL
Arkivtema,Arkivtema,HT;OD;PY,HEL
Arkivtema,Arkivtema,HT;OD;RU,HEL
Arkivtema,Arkivtema,HT;OD;TA,HEL
Arkivtema,Arkivtema,HT;OD;XX,HEL
Arkivtema,Arkivtema,HT;OH,HEL
Arkivtema,Arkivtema,HT;OH;OR,HEL
Arkivtema,Arkivtema,HT;OH;OU,HEL
Arkivtema,Arkivtema,HT;OH;YS,HEL
Arkivtema,Arkivtema,HT;OR,HEL
Arkivtema,Arkivtema,HT;OU,HEL
Arkivtema,Arkivtema,HT;OU;AA,HEL
Arkivtema,Arkivtema,HT;OU;AG,HEL
Arkivtema,Arkivtema,HT;OU;AM,HEL
Arkivtema,Arkivtema,HT;OU;AN,HEL
Arkivtema,Arkivtema,HT;OU;BD,HEL
Arkivtema,Arkivtema,HT;OU;FB,HEL
Arkivtema,Arkivtema,HT;OU;HI,HEL
Arkivtema,Arkivtema,HT;OU;IC,HEL
Arkivtema,Arkivtema,HT;OU;KP,HEL
Arkivtema,Arkivtema,HT;OU;LA,HEL
Arkivtema,Arkivtema,HT;OU;LE,HEL
Arkivtema,Arkivtema,HT;OU;MH,HEL
Arkivtema,Arkivtema,HT;OU;PL,HEL
Arkivtema,Arkivtema,HT;OU;PY,HEL
Arkivtema,Arkivtema,HT;OU;RU,HEL
Arkivtema,Arkivtema,HT;OU;TA,HEL
Arkivtema,Arkivtema,HT;OU;UD,HEL
Arkivtema,Arkivtema,HT;OU;UF,HEL
Arkivtema,Arkivtema,HT;OU;XX,HEL
Arkivtema,Arkivtema,HT;PB,HEL
Arkivtema,Arkivtema,HT;PB;OR,HEL
Arkivtema,Arkivtema,HT;PB;YS,HEL
Arkivtema,Arkivtema,HT;PL,HEL
Arkivtema,Arkivtema,HT;RM,HEL
Arkivtema,Arkivtema,HT;RM;LM,HEL
Arkivtema,Arkivtema,HT;RM;SU,HEL
Arkivtema,Arkivtema,HT;RU,HEL
Arkivtema,Arkivtema,HT;RU;OR,HEL
Arkivtema,Arkivtema,HT;RU;TR,HEL
Arkivtema,Arkivtema,HT;RU;UK,HEL
Arkivtema,Arkivtema,HT;RU;YS,HEL
Arkivtema,Arkivtema,HT;SU,HEL
Arkivtema,Arkivtema,HT;SU;OR,HEL
Arkivtema,Arkivtema,HT;SU;YS,HEL
Arkivtema,Arkivtema,HT;TA,HEL
Arkivtema,Arkivtema,HT;TA;BD,HEL
Arkivtema,Arkivtema,HT;TA;KB,HEL
Arkivtema,Arkivtema,HT;TA;PL,HEL
Arkivtema,Arkivtema,HT;TA;YS,HEL
Arkivtema,Arkivtema,HT;UA,HEL
Arkivtema,Arkivtema,HT;UA;AM,HEL
Arkivtema,Arkivtema,HT;UA;AN,HEL
Arkivtema,Arkivtema,HT;UA;BD,HEL
Arkivtema,Arkivtema,HT;UA;FB,HEL
Arkivtema,Arkivtema,HT;UA;HI,HEL
Arkivtema,Arkivtema,HT;UA;KP,HEL
Arkivtema,Arkivtema,HT;UA;LA,HEL
Arkivtema,Arkivtema,HT;UA;LE,HEL
Arkivtema,Arkivtema,HT;UA;PL,HEL
Arkivtema,Arkivtema,HT;UA;PY,HEL
Arkivtema,Arkivtema,HT;UA;RU,HEL
Arkivtema,Arkivtema,HT;UA;TA,HEL
Arkivtema,Arkivtema,HT;UA;XX,HEL
Arkivtema,Arkivtema,HT;UD,HEL
Arkivtema,Arkivtema,HT;UD;AM,HEL
Arkivtema,Arkivtema,HT;UD;AN,HEL
Arkivtema,Arkivtema,HT;UD;BD,HEL
Arkivtema,Arkivtema,HT;UD;FB,HEL
Arkivtema,Arkivtema,HT;UD;HI,HEL
Arkivtema,Arkivtema,HT;UD;KP,HEL
Arkivtema,Arkivtema,HT;UD;LA,HEL
Arkivtema,Arkivtema,HT;UD;LE,HEL
Arkivtema,Arkivtema,HT;UD;PL,HEL
Arkivtema,Arkivtema,HT;UD;PY,HEL
Arkivtema,Arkivtema,HT;UD;RU,HEL
Arkivtema,Arkivtema,HT;UD;TA,HEL
Arkivtema,Arkivtema,HT;UD;XX,HEL
Arkivtema,Arkivtema,HT;UF,HEL
Arkivtema,Arkivtema,HT;UF;AN,HEL
Arkivtema,Arkivtema,HT;UF;BD,HEL
Arkivtema,Arkivtema,HT;UF;KP,HEL
Arkivtema,Arkivtema,HT;UF;LA,HEL
Arkivtema,Arkivtema,HT;UF;OR,HEL
Arkivtema,Arkivtema,HT;UF;PL,HEL
Arkivtema,Arkivtema,HT;UF;TA,HEL
Arkivtema,Arkivtema,HT;UF;YS,HEL
Arkivtema,Arkivtema,HT;UN,HEL
Arkivtema,Arkivtema,HT;UN;DI,HEL
Arkivtema,Arkivtema,HT;UN;FI,HEL
Arkivtema,Arkivtema,HT;UN;FL,HEL
Arkivtema,Arkivtema,HT;UN;OX,HEL
Arkivtema,Arkivtema,HT;UP,HEL
Arkivtema,Arkivtema,HT;UP;FB,HEL
Arkivtema,Arkivtema,HT;UP;JM,HEL
Arkivtema,Arkivtema,HT;UP;LE,HEL
Arkivtema,Arkivtema,HT;UP;LR,HEL
Arkivtema,Arkivtema,HT;UP;PO,HEL
Arkivtema,Arkivtema,HT;UP;PY,HEL
Arkivtema,Arkivtema,HT;UP;SP,HEL
Arkivtema,Arkivtema,HT;UP;TO,HEL
Arkivtema,Arkivtema,HT;UP;UP,HEL
Arkivtema,Arkivtema,HT;UR,HEL
Arkivtema,Arkivtema,HT;UR;AT,HEL
Arkivtema,Arkivtema,HT;UR;UK,HEL
Arkivtema,Arkivtema,HT;UU,HEL
Arkivtema,Arkivtema,HT;UU;AA,HEL
Arkivtema,Arkivtema,HT;UU;AG,HEL
Arkivtema,Arkivtema,HT;UU;AM,HEL
Arkivtema,Arkivtema,HT;UU;AN,HEL
Arkivtema,Arkivtema,HT;UU;BD,HEL
Arkivtema,Arkivtema,HT;UU;FB,HEL
Arkivtema,Arkivtema,HT;UU;HI,HEL
Arkivtema,Arkivtema,HT;UU;IC,HEL
Arkivtema,Arkivtema,HT;UU;KP,HEL
Arkivtema,Arkivtema,HT;UU;LA,HEL
Arkivtema,Arkivtema,HT;UU;LE,HEL
Arkivtema,Arkivtema,HT;UU;MH,HEL
Arkivtema,Arkivtema,HT;UU;PL,HEL
Arkivtema,Arkivtema,HT;UU;PY,HEL
Arkivtema,Arkivtema,HT;UU;RU,HEL
Arkivtema,Arkivtema,HT;UU;TA,HEL
Arkivtema,Arkivtema,HT;UU;UD,HEL
Arkivtema,Arkivtema,HT;UU;UF,HEL
Arkivtema,Arkivtema,HT;UU;XX,HEL
Arkivtema,Arkivtema,HT;UX,HEL
Arkivtema,Arkivtema,HT;UX;AN,HEL
Arkivtema,Arkivtema,HT;UX;BD,HEL
Arkivtema,Arkivtema,HT;UX;FB,HEL
Arkivtema,Arkivtema,HT;UX;JM,HEL
Arkivtema,Arkivtema,HT;UX;KP,HEL
Arkivtema,Arkivtema,HT;UX;LA,HEL
Arkivtema,Arkivtema,HT;UX;LE,HEL
Arkivtema,Arkivtema,HT;UX;LR,HEL
Arkivtema,Arkivtema,HT;UX;OR,HEL
Arkivtema,Arkivtema,HT;UX;PL,HEL
Arkivtema,Arkivtema,HT;UX;PO,HEL
Arkivtema,Arkivtema,HT;UX;PY,HEL
Arkivtema,Arkivtema,HT;UX;SP,HEL
Arkivtema,Arkivtema,HT;UX;TA,HEL
Arkivtema,Arkivtema,HT;UX;TO,HEL
Arkivtema,Arkivtema,HT;UX;YS,HEL
Arkivtema,Arkivtema,KS,KON
Arkivtema,Arkivtema,KS;AD,KON
Arkivtema,Arkivtema,KS;AD;EU,KON
Arkivtema,Arkivtema,KS;AD;MB,KON
Arkivtema,Arkivtema,KS;AD;ME,KON
Arkivtema,Arkivtema,KS;AD;OS,KON
Arkivtema,Arkivtema,KS;EU,KON
Arkivtema,Arkivtema,KS;EU;MB,KON
Arkivtema,Arkivtema,KS;EU;OS,KON
Arkivtema,Arkivtema,KS;KS,KON
Arkivtema,Arkivtema,KS;KS;MB,KON
Arkivtema,Arkivtema,KS;KS;OS,KON
Arkivtema,Arkivtema,ME,MED
Arkivtema,Arkivtema,ME;MS,MED
Arkivtema,Arkivtema,ME;MS;AV,MED
Arkivtema,Arkivtema,ME;MS;EN,MED
Arkivtema,Arkivtema,ME;MS;OM,MED
Arkivtema,Arkivtema,ME;UE,MED
Arkivtema,Arkivtema,ME;UM,MED
Arkivtema,Arkivtema,PE,PEN
Arkivtema,Arkivtema,PE;AB,PEN
Arkivtema,Arkivtema,PE;AB;IK,PEN
Arkivtema,Arkivtema,PE;AB;OR,PEN
Arkivtema,Arkivtema,PE;AP,PEN
Arkivtema,Arkivtema,PE;AP;EN,PEN
Arkivtema,Arkivtema,PE;AP;EU,PEN
Arkivtema,Arkivtema,PE;AP;FU,PEN
Arkivtema,Arkivtema,PE;AP;IK,PEN
Arkivtema,Arkivtema,PE;AP;KN,PEN
Arkivtema,Arkivtema,PE;AP;KU,PEN
Arkivtema,Arkivtema,PE;AP;LA,PEN
Arkivtema,Arkivtema,PE;AP;OR,PEN
Arkivtema,Arkivtema,PE;AP;US,PEN
Arkivtema,Arkivtema,PE;AP;YS,PEN
Arkivtema,Arkivtema,PE;BB,PEN
Arkivtema,Arkivtema,PE;BB;EN,PEN
Arkivtema,Arkivtema,PE;BB;FU,PEN
Arkivtema,Arkivtema,PE;BB;LA,PEN
Arkivtema,Arkivtema,PE;BB;OR,PEN
Arkivtema,Arkivtema,PE;BB;YS,PEN
Arkivtema,Arkivtema,PE;BE,PEN
Arkivtema,Arkivtema,PE;BE;EN,PEN
Arkivtema,Arkivtema,PE;BE;FU,PEN
Arkivtema,Arkivtema,PE;BE;LA,PEN
Arkivtema,Arkivtema,PE;BE;OR,PEN
Arkivtema,Arkivtema,PE;BE;YS,PEN
Arkivtema,Arkivtema,PE;EB,PEN
Arkivtema,Arkivtema,PE;EO,PEN
Arkivtema,Arkivtema,PE;GO,PEN
Arkivtema,Arkivtema,PE;GO;EN,PEN
Arkivtema,Arkivtema,PE;GO;EU,PEN
Arkivtema,Arkivtema,PE;GO;FU,PEN
Arkivtema,Arkivtema,PE;GO;IK,PEN
Arkivtema,Arkivtema,PE;GO;KN,PEN
Arkivtema,Arkivtema,PE;GO;KU,PEN
Arkivtema,Arkivtema,PE;GO;LA,PEN
Arkivtema,Arkivtema,PE;GO;OR,PEN
Arkivtema,Arkivtema,PE;GO;YS,PEN
Arkivtema,Arkivtema,PE;GP,PEN
Arkivtema,Arkivtema,PE;GP;EN,PEN
Arkivtema,Arkivtema,PE;GP;EU,PEN
Arkivtema,Arkivtema,PE;GP;FU,PEN
Arkivtema,Arkivtema,PE;GP;IK,PEN
Arkivtema,Arkivtema,PE;GP;KN,PEN
Arkivtema,Arkivtema,PE;GP;KU,PEN
Arkivtema,Arkivtema,PE;GP;LA,PEN
Arkivtema,Arkivtema,PE;GP;OR,PEN
Arkivtema,Arkivtema,PE;GP;YS,PEN
Arkivtema,Arkivtema,PE;GS,GRU
Arkivtema,Arkivtema,PE;GS;FU,GRU
Arkivtema,Arkivtema,PE;GS;OR,GRU
Arkivtema,Arkivtema,PE;GS;YS,GRU
Arkivtema,Arkivtema,PE;HS,GRU
Arkivtema,Arkivtema,PE;HS;FU,GRU
Arkivtema,Arkivtema,PE;HS;OR,GRU
Arkivtema,Arkivtema,PE;HS;YS,GRU
Arkivtema,Arkivtema,PE;KM,PEN
Arkivtema,Arkivtema,PE;KM;AN,PEN
Arkivtema,Arkivtema,PE;KM;LA,PEN
Arkivtema,Arkivtema,PE;KS,PEN
Arkivtema,Arkivtema,PE;KS;AN,PEN
Arkivtema,Arkivtema,PE;KS;LA,PEN
Arkivtema,Arkivtema,PE;SJ,PEN
Arkivtema,Arkivtema,PE;SJ;AP,PEN
Arkivtema,Arkivtema,PE;SJ;BE,PEN
Arkivtema,Arkivtema,PE;SJ;BP,PEN
Arkivtema,Arkivtema,PE;SJ;FP,PEN
Arkivtema,Arkivtema,PE;SJ;GO,PEN
Arkivtema,Arkivtema,PE;SJ;GP,PEN
Arkivtema,Arkivtema,PE;SJ;LA,PEN
Arkivtema,Arkivtema,PE;SJ;UP,PEN
Arkivtema,Arkivtema,PE;ST,PEN
Arkivtema,Arkivtema,PE;ST;AF,PEN
Arkivtema,Arkivtema,PE;ST;AP,PEN
Arkivtema,Arkivtema,PE;ST;BB,PEN
Arkivtema,Arkivtema,PE;ST;BE,PEN
Arkivtema,Arkivtema,PE;ST;FP,PEN
Arkivtema,Arkivtema,PE;ST;GP,PEN
Arkivtema,Arkivtema,PE;ST;LA,PEN
Arkivtema,Arkivtema,PE;ST;UP,PEN
Arkivtema,Arkivtema,PE;UB,PEN
Arkivtema,Arkivtema,PE;UB;IK,PEN
Arkivtema,Arkivtema,PE;UB;OR,PEN
Arkivtema,Arkivtema,PE;UE,PEN
Arkivtema,Arkivtema,PE;UE;IK,PEN
Arkivtema,Arkivtema,PE;UE;OR,PEN
Arkivtema,Arkivtema,PE;UP,PEN
Arkivtema,Arkivtema,PE;UP;EA,PEN
Arkivtema,Arkivtema,PE;UP;EN,PEN
Arkivtema,Arkivtema,PE;UP;EU,PEN
Arkivtema,Arkivtema,PE;UP;FU,PEN
Arkivtema,Arkivtema,PE;UP;IK,PEN
Arkivtema,Arkivtema,PE;UP;KN,PEN
Arkivtema,Arkivtema,PE;UP;KU,PEN
Arkivtema,Arkivtema,PE;UP;LA,PEN
Arkivtema,Arkivtema,PE;UP;OR,PEN
Arkivtema,Arkivtema,PE;UP;RA,PEN
Arkivtema,Arkivtema,PE;UP;YS,PEN
Arkivtema,Arkivtema,PE;XP,PEN
Arkivtema,Arkivtema,PE;XP;BF,PEN
Arkivtema,Arkivtema,PE;XP;DI,PEN
Arkivtema,Arkivtema,PE;XP;IK,PEN
Arkivtema,Arkivtema,PE;XP;LA,PEN
Arkivtema,Arkivtema,PE;XP;LO,PEN
Arkivtema,Arkivtema,PE;XP;OT,PEN
Arkivtema,Arkivtema,PE;XP;ST,PEN
Arkivtema,Arkivtema,PE;YS,PEN
Arkivtema,Arkivtema,PE;YS;AN,PEN
Arkivtema,Arkivtema,PE;YS;IK,PEN
Arkivtema,Arkivtema,PE;YS;LA,PEN
Arkivtema,Arkivtema,RP,REH
Arkivtema,Arkivtema,RP;AT,REH
Arkivtema,Arkivtema,RP;AT;BT,REH
Arkivtema,Arkivtema,RP;AT;E�,REH
Arkivtema,Arkivtema,RP;AT;OR,REH
Arkivtema,Arkivtema,RP;AT;RT,REH
Arkivtema,Arkivtema,RP;AT;UU,REH
Arkivtema,Arkivtema,RP;AT;YS,REH
Arkivtema,Arkivtema,RP;AY,REH
Arkivtema,Arkivtema,RP;AY;BT,REH
Arkivtema,Arkivtema,RP;AY;E�,REH
Arkivtema,Arkivtema,RP;AY;OR,REH
Arkivtema,Arkivtema,RP;AY;UU,REH
Arkivtema,Arkivtema,RP;AY;YS,REH
Arkivtema,Arkivtema,RP;KH,REH
Arkivtema,Arkivtema,RP;MS,REH
Arkivtema,Arkivtema,RP;MS;BT,REH
Arkivtema,Arkivtema,RP;MS;E�,REH
Arkivtema,Arkivtema,RP;MS;OR,REH
Arkivtema,Arkivtema,RP;MS;UU,REH
Arkivtema,Arkivtema,RP;MS;YS,REH
Arkivtema,Arkivtema,RP;RP,REH
Arkivtema,Arkivtema,RP;RT,REH
Arkivtema,Arkivtema,RP;SS,REH
Arkivtema,Arkivtema,RP;SS;BT,REH
Arkivtema,Arkivtema,RP;SS;E�,REH
Arkivtema,Arkivtema,RP;SS;OR,REH
Arkivtema,Arkivtema,RP;SS;UU,REH
Arkivtema,Arkivtema,RP;SS;YS,REH
Arkivtema,Arkivtema,RP;TF,REH
Arkivtema,Arkivtema,RP;TF;BT,REH
Arkivtema,Arkivtema,RP;TF;E�,REH
Arkivtema,Arkivtema,RP;TF;OR,REH
Arkivtema,Arkivtema,RP;TF;UU,REH
Arkivtema,Arkivtema,RP;TF;YS,REH
Arkivtema,Arkivtema,RP;US,REH
Arkivtema,Arkivtema,RP;US;BT,REH
Arkivtema,Arkivtema,RP;US;E�,REH
Arkivtema,Arkivtema,RP;US;OR,REH
Arkivtema,Arkivtema,RP;US;UU,REH
Arkivtema,Arkivtema,RP;US;YS,REH
Arkivtema,Arkivtema,RP;VS,REH
Arkivtema,Arkivtema,RP;VS;BT,REH
Arkivtema,Arkivtema,RP;VS;E�,REH
Arkivtema,Arkivtema,RP;VS;OR,REH
Arkivtema,Arkivtema,RP;VS;YS,REH
Arkivtema,Arkivtema,RP;VT,REH
Arkivtema,Arkivtema,RP;VT;BT,REH
Arkivtema,Arkivtema,RP;VT;E�,REH
Arkivtema,Arkivtema,RP;VT;OR,REH
Arkivtema,Arkivtema,RP;VT;UU,REH
Arkivtema,Arkivtema,RP;VT;YS,REH
Arkivtema,Arkivtema,RP;YA,REH
Arkivtema,Arkivtema,RP;YA;UU,REH
Arkivtema,Arkivtema,RP;YA;YS,REH
Arkivtema,Arkivtema,SP,SYK
Arkivtema,Arkivtema,SP;KH,SYK
Arkivtema,Arkivtema,SP;RS,SYK
Arkivtema,Arkivtema,SP;RS;NA,SYK
Arkivtema,Arkivtema,SP;RS;UL,SYK
Arkivtema,Arkivtema,SP;RT,SYK
Arkivtema,Arkivtema,SP;RT;NA,SYK
Arkivtema,Arkivtema,SP;RT;UL,SYK
Arkivtema,Arkivtema,SP;SP,SYK
Arkivtema,Arkivtema,SP;SP;NA,SYK
Arkivtema,Arkivtema,SP;SP;UL,SYK
Arkivtema,Arkivtema,SP;SU,SYK
Arkivtema,Arkivtema,SP;SU;NA,SYK
Arkivtema,Arkivtema,SP;SU;UL,SYK
Arkivtema,Arkivtema,SU,SUP
Arkivtema,Arkivtema,SU;EN,SUP
Arkivtema,Arkivtema,SU;EN;OB,SUP
Arkivtema,Arkivtema,SU;EN;OR,SUP
Arkivtema,Arkivtema,SU;EO,SUP
Arkivtema,Arkivtema,SU;EO;OB,SUP
Arkivtema,Arkivtema,SU;EO;OR,SUP
Arkivtema,Arkivtema,SU;EU,SUP
Arkivtema,Arkivtema,SU;EU;OB,SUP
Arkivtema,Arkivtema,SU;EU;OR,SUP
Arkivtema,Arkivtema,SU;EV,SUP
Arkivtema,Arkivtema,SU;EV;OR,SUP
Arkivtema,Arkivtema,UY,UFO
Arkivtema,Arkivtema,UY;TU,UFO
Arkivtema,Arkivtema,UY;TU;BT,UFO
Arkivtema,Arkivtema,UY;TU;EB,UFO
Arkivtema,Arkivtema,UY;TU;E�,UFO
Arkivtema,Arkivtema,UY;TU;LA,UFO
Arkivtema,Arkivtema,UY;TU;OB,UFO
Arkivtema,Arkivtema,UY;TU;OR,UFO
Arkivtema,Arkivtema,UY;TU;YB,UFO
Arkivtema,Arkivtema,UY;TU;YS,UFO
Arkivtema,Arkivtema,UY;UF,UFO
Arkivtema,Arkivtema,UY;UF;OR,UFO
Arkivtema,Arkivtema,UY;UF;YS,UFO
Arkivtema,Arkivtema,UY;UP,UFO
Arkivtema,Arkivtema,UY;UP;FU,UFO
Arkivtema,Arkivtema,UY;UP;IK,UFO
Arkivtema,Arkivtema,UY;UP;LA,UFO
Arkivtema,Arkivtema,UY;UP;LT,UFO
Arkivtema,Arkivtema,UY;UP;OR,UFO
Arkivtema,Arkivtema,UY;UP;RA,UFO
Arkivtema,Arkivtema,UY;UP;YS,UFO
Arkivtema,Arkivtema,UY;UX,UFO
Arkivtema,Arkivtema,UY;UX;EN,UFO
Arkivtema,Arkivtema,UY;UX;EU,UFO
Arkivtema,Arkivtema,UY;UX;KN,UFO
Arkivtema,Arkivtema,UY;UX;KU,UFO
Arkivtema,Arkivtema,UY;UX;OR,UFO
Arkivtema,Arkivtema,YS,YRK
Arkivtema,Arkivtema,YS;AM,YRK
Arkivtema,Arkivtema,YS;DK,YRK
Arkivtema,Arkivtema,YS;SM,YRK
Arkivtema,Arkivtema,YS;SM;AA,YRK
Arkivtema,Arkivtema,YS;SM;AT,YRK
Arkivtema,Arkivtema,YS;SM;BR,YRK
Arkivtema,Arkivtema,YS;SM;ES,YRK
Arkivtema,Arkivtema,YS;SM;FF,YRK
Arkivtema,Arkivtema,YS;SM;IS,YRK
Arkivtema,Arkivtema,YS;SM;MP,YRK
Arkivtema,Arkivtema,YS;SM;SF,YRK
Arkivtema,Arkivtema,YS;SS,YRK
Arkivtema,Arkivtema,YS;SS;AA,YRK
Arkivtema,Arkivtema,YS;SS;AT,YRK
Arkivtema,Arkivtema,YS;SS;BR,YRK
Arkivtema,Arkivtema,YS;SS;ES,YRK
Arkivtema,Arkivtema,YS;SS;FF,YRK
Arkivtema,Arkivtema,YS;SS;IS,YRK
Arkivtema,Arkivtema,YS;SS;MP,YRK
Arkivtema,Arkivtema,YS;SS;SF,YRK
Arkivtema,Arkivtema,YS;TS,YRK
Arkivtema,Arkivtema,YS;TY,YRK
Arkivtema,Arkivtema,YS;UM,YRK
Arkivtema,Arkivtema,YS;UM;AA,YRK
Arkivtema,Arkivtema,YS;UM;AT,YRK
Arkivtema,Arkivtema,YS;UM;BR,YRK
Arkivtema,Arkivtema,YS;UM;ES,YRK
Arkivtema,Arkivtema,YS;UM;FF,YRK
Arkivtema,Arkivtema,YS;UM;IS,YRK
Arkivtema,Arkivtema,YS;UM;MP,YRK
Arkivtema,Arkivtema,YS;UM;SF,YRK
Arkivtema,Arkivtema,YS;US,YRK
Arkivtema,Arkivtema,YS;US;AA,YRK
Arkivtema,Arkivtema,YS;US;AT,YRK
Arkivtema,Arkivtema,YS;US;BR,YRK
Arkivtema,Arkivtema,YS;US;ES,YRK
Arkivtema,Arkivtema,YS;US;FF,YRK
Arkivtema,Arkivtema,YS;US;IS,YRK
Arkivtema,Arkivtema,YS;US;MP,YRK
Arkivtema,Arkivtema,YS;US;SF,YRK
Arkivtema,Arkivtema,YS;UX,YRK
Arkivtema,Arkivtema,YS;UX;AA,YRK
Arkivtema,Arkivtema,YS;UX;AT,YRK
Arkivtema,Arkivtema,YS;UX;BR,YRK
Arkivtema,Arkivtema,YS;UX;ES,YRK
Arkivtema,Arkivtema,YS;UX;FF,YRK
Arkivtema,Arkivtema,YS;UX;IS,YRK
Arkivtema,Arkivtema,YS;UX;MP,YRK
Arkivtema,Arkivtema,YS;UX;SF,YRK
Arkivtema,Arkivtema,YS;YE,YRK
Arkivtema,Arkivtema,YS;YE;AA,YRK
Arkivtema,Arkivtema,YS;YE;AT,YRK
Arkivtema,Arkivtema,YS;YE;BR,YRK
Arkivtema,Arkivtema,YS;YE;ES,YRK
Arkivtema,Arkivtema,YS;YE;FF,YRK
Arkivtema,Arkivtema,YS;YE;IS,YRK
Arkivtema,Arkivtema,YS;YE;MP,YRK
Arkivtema,Arkivtema,YS;YE;SF,YRK
Arkivtema,Arkivtema,YS;YN,YRK
Arkivtema,Arkivtema,YS;YN;AA,YRK
Arkivtema,Arkivtema,YS;YN;AT,YRK
Arkivtema,Arkivtema,YS;YN;BR,YRK
Arkivtema,Arkivtema,YS;YN;ES,YRK
Arkivtema,Arkivtema,YS;YN;FF,YRK
Arkivtema,Arkivtema,YS;YN;IS,YRK
Arkivtema,Arkivtema,YS;YN;MP,YRK
Arkivtema,Arkivtema,YS;YN;SF,YRK
Arkivtema,Arkivtema,YS;YS,YRK
Arkivtema,Arkivtema,YS;YS;AA,YRK
Arkivtema,Arkivtema,YS;YS;AT,YRK
Arkivtema,Arkivtema,YS;YS;BR,YRK
Arkivtema,Arkivtema,YS;YS;ES,YRK
Arkivtema,Arkivtema,YS;YS;FF,YRK
Arkivtema,Arkivtema,YS;YS;IS,YRK
Arkivtema,Arkivtema,YS;YS;MP,YRK
Arkivtema,Arkivtema,YS;YS;SF,YRK
Arkivtema,Behandlingstema,AA,ab0267
Arkivtema,Behandlingstema,AA;AG,ab0262
Arkivtema,Behandlingstema,AA;AO,ab0263
Arkivtema,Behandlingstema,AT,ab0114
Arkivtema,Behandlingstema,AT;RB,ab0179
Arkivtema,Behandlingstema,AT;RB;AT,ab0179
Arkivtema,Behandlingstema,AT;RB;AY,ab0179
Arkivtema,Behandlingstema,AT;RB;MS,ab0179
Arkivtema,Behandlingstema,AT;RB;TF,ab0179
Arkivtema,Behandlingstema,AT;RB;US,ab0179
Arkivtema,Behandlingstema,AT;RB;VT,ab0179
Arkivtema,Behandlingstema,AT;RP,ab0049
Arkivtema,Behandlingstema,AT;RP;AT,ab0049
Arkivtema,Behandlingstema,AT;RP;AY,ab0049
Arkivtema,Behandlingstema,AT;RP;EN,ab0049
Arkivtema,Behandlingstema,AT;RP;MS,ab0049
Arkivtema,Behandlingstema,AT;RP;RT,ab0049
Arkivtema,Behandlingstema,AT;RP;TF,ab0049
Arkivtema,Behandlingstema,AT;RP;US,ab0049
Arkivtema,Behandlingstema,AT;RP;VT,ab0049
Arkivtema,Behandlingstema,AT;RP;YS,ab0049
Arkivtema,Behandlingstema,BA,ab0270
Arkivtema,Behandlingstema,BA;OR,ab0180
Arkivtema,Behandlingstema,BA;OR;EU,ab0058
Arkivtema,Behandlingstema,BA;OR;IB,ab0180
Arkivtema,Behandlingstema,BA;OR;MB,ab0180
Arkivtema,Behandlingstema,BA;OR;MD,ab0180
Arkivtema,Behandlingstema,BA;OR;ME,ab0058
Arkivtema,Behandlingstema,BA;OR;OS,ab0180
Arkivtema,Behandlingstema,BA;UT,ab0096
Arkivtema,Behandlingstema,BA;UT;EF,ab0096
Arkivtema,Behandlingstema,BA;UT;EU,ab0058
Arkivtema,Behandlingstema,BA;UT;MB,ab0096
Arkivtema,Behandlingstema,BA;UT;MD,ab0096
Arkivtema,Behandlingstema,BA;UT;ME,ab0058
Arkivtema,Behandlingstema,BS,ab0271
Arkivtema,Behandlingstema,BS;OM,ab0149
Arkivtema,Behandlingstema,BS;OM;NA,ab0149
Arkivtema,Behandlingstema,BS;OM;UL,ab0149
Arkivtema,Behandlingstema,BS;OP,ab0141
Arkivtema,Behandlingstema,BS;OP;NA,ab0141
Arkivtema,Behandlingstema,BS;OP;UL,ab0141
Arkivtema,Behandlingstema,BS;PB,ab0069
Arkivtema,Behandlingstema,BS;PB;NA,ab0069
Arkivtema,Behandlingstema,BS;PB;UL,ab0069
Arkivtema,Behandlingstema,BS;PI,ab0137
Arkivtema,Behandlingstema,BS;PI;NA,ab0137
Arkivtema,Behandlingstema,BS;PI;UL,ab0137
Arkivtema,Behandlingstema,BS;PN,ab0320
Arkivtema,Behandlingstema,BS;PN;NA,ab0320
Arkivtema,Behandlingstema,BS;PN;UL,ab0320
Arkivtema,Behandlingstema,BS;PP,ab0094
Arkivtema,Behandlingstema,BS;PP;NA,ab0094
Arkivtema,Behandlingstema,BS;PP;UL,ab0094
Arkivtema,Behandlingstema,EF,ab0272
Arkivtema,Behandlingstema,EF;BT,ab0028
Arkivtema,Behandlingstema,EF;BT;OR,ab0028
Arkivtema,Behandlingstema,EF;FL,ab0183
Arkivtema,Behandlingstema,EF;OG,ab0071
Arkivtema,Behandlingstema,EF;OG;NY,ab0071
Arkivtema,Behandlingstema,EF;OG;OR,ab0071
Arkivtema,Behandlingstema,EF;UT,ab0193
Arkivtema,Behandlingstema,EF;UT;AK,ab0193
Arkivtema,Behandlingstema,EF;UT;OL,ab0193
Arkivtema,Behandlingstema,EF;UT;OR,ab0193
Arkivtema,Behandlingstema,FA,ab0273
Arkivtema,Behandlingstema,FA;AE,ab0027
Arkivtema,Behandlingstema,FA;AP,ab0072
Arkivtema,Behandlingstema,FA;AP;FG,ab0026
Arkivtema,Behandlingstema,FA;AP;FK,ab0026
Arkivtema,Behandlingstema,FA;AP;FU,ab0026
Arkivtema,Behandlingstema,FA;AP;GA,ab0072
Arkivtema,Behandlingstema,FA;AP;OS,ab0072
Arkivtema,Behandlingstema,FA;AP;UA,ab0072
Arkivtema,Behandlingstema,FA;AP;UF,ab0072
Arkivtema,Behandlingstema,FA;AP;US,ab0072
Arkivtema,Behandlingstema,FA;AT,ab0274
Arkivtema,Behandlingstema,FA;FE,ab0050
Arkivtema,Behandlingstema,FA;FE;NA,ab0050
Arkivtema,Behandlingstema,FA;FE;UL,ab0050
Arkivtema,Behandlingstema,FA;FP,ab0260
Arkivtema,Behandlingstema,FA;FP;F�,ab0260
Arkivtema,Behandlingstema,FA;FP;OR,ab0260
Arkivtema,Behandlingstema,FA;FU,ab0047
Arkivtema,Behandlingstema,FA;FU;FG,ab0166
Arkivtema,Behandlingstema,FA;FU;FK,ab0166
Arkivtema,Behandlingstema,FA;FU;FU,ab0166
Arkivtema,Behandlingstema,FA;FU;GA,ab0047
Arkivtema,Behandlingstema,FA;FU;OS,ab0047
Arkivtema,Behandlingstema,FA;FU;UA,ab0047
Arkivtema,Behandlingstema,FA;FU;UF,ab0047
Arkivtema,Behandlingstema,FA;FU;US,ab0047
Arkivtema,Behandlingstema,FA;F�,ab0047
Arkivtema,Behandlingstema,FA;F�;FG,ab0166
Arkivtema,Behandlingstema,FA;F�;FK,ab0166
Arkivtema,Behandlingstema,FA;F�;FU,ab0166
Arkivtema,Behandlingstema,FA;F�;GA,ab0047
Arkivtema,Behandlingstema,FA;F�;OS,ab0047
Arkivtema,Behandlingstema,FA;F�;UA,ab0047
Arkivtema,Behandlingstema,FA;F�;UF,ab0047
Arkivtema,Behandlingstema,FA;F�;US,ab0047
Arkivtema,Behandlingstema,FA;SV,ab0126
Arkivtema,Behandlingstema,FL,ab0076
Arkivtema,Behandlingstema,FL;FL,ab0076
Arkivtema,Behandlingstema,FO,ab0264
Arkivtema,Behandlingstema,FO;FA,ab0192
Arkivtema,Behandlingstema,FO;FF,ab0171
Arkivtema,Behandlingstema,FO;FT,ab0142
Arkivtema,Behandlingstema,FO;FU,ab0093
Arkivtema,Behandlingstema,FO;YN,ab0085
Arkivtema,Behandlingstema,FP,ab0238
Arkivtema,Behandlingstema,FP;FL,ab0183
Arkivtema,Behandlingstema,FP;UT,ab0238
Arkivtema,Behandlingstema,FP;UT;AK,ab0193
Arkivtema,Behandlingstema,FP;UT;OL,ab0193
Arkivtema,Behandlingstema,FP;UT;OR,ab0193
Arkivtema,Behandlingstema,GE,ab0179
Arkivtema,Behandlingstema,GE;CI,ab0179
Arkivtema,Behandlingstema,GE;ER,ab0068
Arkivtema,Behandlingstema,GE;EY,ab0208
Arkivtema,Behandlingstema,GE;FU,ab0059
Arkivtema,Behandlingstema,GE;GI,ab0179
Arkivtema,Behandlingstema,GE;GU,ab0179
Arkivtema,Behandlingstema,GE;HK,ab0179
Arkivtema,Behandlingstema,GE;HK;AN,ab0179
Arkivtema,Behandlingstema,GE;HK;FT,ab0179
Arkivtema,Behandlingstema,GE;HK;HS,ab0179
Arkivtema,Behandlingstema,GE;HK;IB,ab0179
Arkivtema,Behandlingstema,GE;HK;SB,ab0179
Arkivtema,Behandlingstema,GE;HK;TB,ab0179
Arkivtema,Behandlingstema,GE;HK;TT,ab0179
Arkivtema,Behandlingstema,GE;HK;VB,ab0179
Arkivtema,Behandlingstema,GE;SO,ab0159
Arkivtema,Behandlingstema,GE;TB,ab0161
Arkivtema,Behandlingstema,GE;TP,ab0179
Arkivtema,Behandlingstema,GE;TT,ab0221
Arkivtema,Behandlingstema,GE;TY,ab0179
Arkivtema,Behandlingstema,GE;UM,ab0154
Arkivtema,Behandlingstema,GE;VK,ab0179
Arkivtema,Behandlingstema,GH,ab0266
Arkivtema,Behandlingstema,GH;GS,ab0132
Arkivtema,Behandlingstema,GH;GS;EU,ab0132
Arkivtema,Behandlingstema,GH;GS;FU,ab0132
Arkivtema,Behandlingstema,GH;GS;OR,ab0132
Arkivtema,Behandlingstema,GH;GS;YS,ab0132
Arkivtema,Behandlingstema,GH;HS,ab0138
Arkivtema,Behandlingstema,GH;HS;BE,ab0138
Arkivtema,Behandlingstema,GH;HS;EU,ab0138
Arkivtema,Behandlingstema,GH;HS;FU,ab0138
Arkivtema,Behandlingstema,GH;HS;OR,ab0138
Arkivtema,Behandlingstema,GH;HS;YS,ab0138
Arkivtema,Behandlingstema,GJ,ab0277
Arkivtema,Behandlingstema,GJ;BT,ab0028
Arkivtema,Behandlingstema,GJ;BT;OR,ab0028
Arkivtema,Behandlingstema,GJ;FL,ab0183
Arkivtema,Behandlingstema,GJ;UT,ab0193
Arkivtema,Behandlingstema,GJ;UT;AK,ab0193
Arkivtema,Behandlingstema,GJ;UT;OL,ab0193
Arkivtema,Behandlingstema,GJ;UT;OR,ab0193
Arkivtema,Behandlingstema,GS,ab0238
Arkivtema,Behandlingstema,GS;BT,ab0135
Arkivtema,Behandlingstema,GS;BT;NA,ab0135
Arkivtema,Behandlingstema,GS;BT;UL,ab0135
Arkivtema,Behandlingstema,GS;GB,ab0101
Arkivtema,Behandlingstema,GS;GB;NA,ab0101
Arkivtema,Behandlingstema,GS;GB;UL,ab0101
Arkivtema,Behandlingstema,GS;GD,ab0155
Arkivtema,Behandlingstema,GS;GD;NA,ab0155
Arkivtema,Behandlingstema,GS;GD;NU,ab0155
Arkivtema,Behandlingstema,GS;GU,ab0239
Arkivtema,Behandlingstema,HJ,ab0231
Arkivtema,Behandlingstema,HJ;AR,ab0240
Arkivtema,Behandlingstema,HJ;AR;AN,ab0240
Arkivtema,Behandlingstema,HJ;AR;AT,ab0240
Arkivtema,Behandlingstema,HJ;AR;AU,ab0240
Arkivtema,Behandlingstema,HJ;AR;SL,ab0240
Arkivtema,Behandlingstema,HJ;AR;ST,ab0240
Arkivtema,Behandlingstema,HJ;AR;SU,ab0240
Arkivtema,Behandlingstema,HJ;AU,ab0179
Arkivtema,Behandlingstema,HJ;AU;AR,ab0179
Arkivtema,Behandlingstema,HJ;AU;UT,ab0179
Arkivtema,Behandlingstema,HJ;BD,ab0179
Arkivtema,Behandlingstema,HJ;DA,ab0241
Arkivtema,Behandlingstema,HJ;DA;AK,ab0241
Arkivtema,Behandlingstema,HJ;DA;AN,ab0241
Arkivtema,Behandlingstema,HJ;DA;BA,ab0241
Arkivtema,Behandlingstema,HJ;DA;BH,ab0241
Arkivtema,Behandlingstema,HJ;DA;L�,ab0241
Arkivtema,Behandlingstema,HJ;DA;SH,ab0241
Arkivtema,Behandlingstema,HJ;DA;SK,ab0241
Arkivtema,Behandlingstema,HJ;DA;TR,ab0241
Arkivtema,Behandlingstema,HJ;DA;UL,ab0241
Arkivtema,Behandlingstema,HJ;EE,ab0179
Arkivtema,Behandlingstema,HJ;FA,ab0179
Arkivtema,Behandlingstema,HJ;F�,ab0179
Arkivtema,Behandlingstema,HJ;GB,ab0179
Arkivtema,Behandlingstema,HJ;GM,ab0242
Arkivtema,Behandlingstema,HJ;GM;AE,ab0242
Arkivtema,Behandlingstema,HJ;GM;AN,ab0242
Arkivtema,Behandlingstema,HJ;GM;SK,ab0242
Arkivtema,Behandlingstema,HJ;H�,ab0243
Arkivtema,Behandlingstema,HJ;H�;AR,ab0243
Arkivtema,Behandlingstema,HJ;H�;DA,ab0243
Arkivtema,Behandlingstema,HJ;H�;UL,ab0243
Arkivtema,Behandlingstema,HJ;IT,ab0244
Arkivtema,Behandlingstema,HJ;IT;AN,ab0244
Arkivtema,Behandlingstema,HJ;IT;AT,ab0244
Arkivtema,Behandlingstema,HJ;IT;BA,ab0244
Arkivtema,Behandlingstema,HJ;IT;DA,ab0244
Arkivtema,Behandlingstema,HJ;IT;L�,ab0244
Arkivtema,Behandlingstema,HJ;IT;SK,ab0244
Arkivtema,Behandlingstema,HJ;IT;ST,ab0244
Arkivtema,Behandlingstema,HJ;IT;TR,ab0244
Arkivtema,Behandlingstema,HJ;KO,ab0018
Arkivtema,Behandlingstema,HJ;KO;AL,ab0024
Arkivtema,Behandlingstema,HJ;KO;AT,ab0024
Arkivtema,Behandlingstema,HJ;KO;DA,ab0070
Arkivtema,Behandlingstema,HJ;KO;DT,ab0070
Arkivtema,Behandlingstema,HJ;LS,ab0245
Arkivtema,Behandlingstema,HJ;LS;AD,ab0245
Arkivtema,Behandlingstema,HJ;LS;AR,ab0245
Arkivtema,Behandlingstema,HJ;LS;DA,ab0245
Arkivtema,Behandlingstema,HJ;LS;OP,ab0245
Arkivtema,Behandlingstema,HJ;MP,ab0077
Arkivtema,Behandlingstema,HJ;MP;AL,ab0279
Arkivtema,Behandlingstema,HJ;MP;DL,ab0280
Arkivtema,Behandlingstema,HJ;MT,ab0246
Arkivtema,Behandlingstema,HJ;MT;AL,ab0033
Arkivtema,Behandlingstema,HJ;MT;AR,ab0278
Arkivtema,Behandlingstema,HJ;MT;AT,ab0104
Arkivtema,Behandlingstema,HJ;MT;DA,ab0100
Arkivtema,Behandlingstema,HJ;MT;DL,ab0109
Arkivtema,Behandlingstema,HJ;MT;DT,ab0057
Arkivtema,Behandlingstema,HJ;MU,ab0247
Arkivtema,Behandlingstema,HJ;MU;AL,ab0281
Arkivtema,Behandlingstema,HJ;MU;AR,ab0113
Arkivtema,Behandlingstema,HJ;MU;AT,ab0282
Arkivtema,Behandlingstema,HJ;MU;DA,ab0035
Arkivtema,Behandlingstema,HJ;MU;DL,ab0283
Arkivtema,Behandlingstema,HJ;MU;DT,ab0284
Arkivtema,Behandlingstema,HJ;M1,ab0248
Arkivtema,Behandlingstema,HJ;M1;AT,ab0104
Arkivtema,Behandlingstema,HJ;M1;DT,ab0057
Arkivtema,Behandlingstema,HJ;M2,ab0249
Arkivtema,Behandlingstema,HJ;M2;AL,ab0033
Arkivtema,Behandlingstema,HJ;M2;DL,ab0109
Arkivtema,Behandlingstema,HJ;OP,ab0250
Arkivtema,Behandlingstema,HJ;OP;AN,ab0250
Arkivtema,Behandlingstema,HJ;OP;FS,ab0250
Arkivtema,Behandlingstema,HJ;OP;KB,ab0250
Arkivtema,Behandlingstema,HJ;OP;KD,ab0250
Arkivtema,Behandlingstema,HJ;OP;KH,ab0250
Arkivtema,Behandlingstema,HJ;OT,ab0179
Arkivtema,Behandlingstema,HJ;OT;AR,ab0179
Arkivtema,Behandlingstema,HJ;RE,ab0179
Arkivtema,Behandlingstema,HJ;RU,ab0179
Arkivtema,Behandlingstema,HJ;RU;AT,ab0179
Arkivtema,Behandlingstema,HJ;RU;DT,ab0179
Arkivtema,Behandlingstema,HJ;SE,ab0179
Arkivtema,Behandlingstema,HJ;TH,ab0251
Arkivtema,Behandlingstema,HJ;TH;AO,ab0251
Arkivtema,Behandlingstema,HJ;TH;AR,ab0251
Arkivtema,Behandlingstema,HJ;TH;DA,ab0251
Arkivtema,Behandlingstema,HJ;TH;DO,ab0251
Arkivtema,Behandlingstema,HJ;TL,ab0252
Arkivtema,Behandlingstema,HJ;TL;AO,ab0252
Arkivtema,Behandlingstema,HJ;TL;AR,ab0252
Arkivtema,Behandlingstema,HJ;TL;DA,ab0252
Arkivtema,Behandlingstema,HJ;TL;DO,ab0252
Arkivtema,Behandlingstema,HJ;TM,ab0253
Arkivtema,Behandlingstema,HJ;TM;AR,ab0253
Arkivtema,Behandlingstema,HJ;TM;DA,ab0253
Arkivtema,Behandlingstema,HT,ab0076
Arkivtema,Behandlingstema,HT;AS,ab0076
Arkivtema,Behandlingstema,HT;AU,ab0076
Arkivtema,Behandlingstema,HT;BD,ab0076
Arkivtema,Behandlingstema,HT;ER,ab0076
Arkivtema,Behandlingstema,HT;ER;AO,ab0076
Arkivtema,Behandlingstema,HT;ER;BO,ab0076
Arkivtema,Behandlingstema,HT;ER;CO,ab0076
Arkivtema,Behandlingstema,HT;ER;DO,ab0076
Arkivtema,Behandlingstema,HT;ER;EN,ab0076
Arkivtema,Behandlingstema,HT;ER;EO,ab0076
Arkivtema,Behandlingstema,HT;ER;FO,ab0076
Arkivtema,Behandlingstema,HT;ER;GO,ab0076
Arkivtema,Behandlingstema,HT;ER;HO,ab0076
Arkivtema,Behandlingstema,HT;ER;IN,ab0076
Arkivtema,Behandlingstema,HT;ER;IO,ab0076
Arkivtema,Behandlingstema,HT;ER;JO,ab0076
Arkivtema,Behandlingstema,HT;ER;KO,ab0076
Arkivtema,Behandlingstema,HT;ER;KS,ab0076
Arkivtema,Behandlingstema,HT;ER;LO,ab0076
Arkivtema,Behandlingstema,HT;ER;MO,ab0076
Arkivtema,Behandlingstema,HT;ER;NI,ab0076
Arkivtema,Behandlingstema,HT;ER;NO,ab0076
Arkivtema,Behandlingstema,HT;ER;N2,ab0076
Arkivtema,Behandlingstema,HT;ER;OA,ab0076
Arkivtema,Behandlingstema,HT;ER;OB,ab0076
Arkivtema,Behandlingstema,HT;ER;OC,ab0076
Arkivtema,Behandlingstema,HT;ER;OD,ab0076
Arkivtema,Behandlingstema,HT;ER;OE,ab0076
Arkivtema,Behandlingstema,HT;ER;OF,ab0076
Arkivtema,Behandlingstema,HT;ER;OG,ab0076
Arkivtema,Behandlingstema,HT;ER;OH,ab0076
Arkivtema,Behandlingstema,HT;ER;OI,ab0076
Arkivtema,Behandlingstema,HT;ER;OJ,ab0076
Arkivtema,Behandlingstema,HT;ER;OK,ab0076
Arkivtema,Behandlingstema,HT;ER;OL,ab0076
Arkivtema,Behandlingstema,HT;ER;OM,ab0076
Arkivtema,Behandlingstema,HT;ER;ON,ab0076
Arkivtema,Behandlingstema,HT;ER;OO,ab0076
Arkivtema,Behandlingstema,HT;ER;OP,ab0076
Arkivtema,Behandlingstema,HT;ER;OQ,ab0076
Arkivtema,Behandlingstema,HT;ER;OR,ab0076
Arkivtema,Behandlingstema,HT;ER;OS,ab0076
Arkivtema,Behandlingstema,HT;ER;OT,ab0076
Arkivtema,Behandlingstema,HT;ER;OU,ab0076
Arkivtema,Behandlingstema,HT;ER;OV,ab0076
Arkivtema,Behandlingstema,HT;ER;OW,ab0076
Arkivtema,Behandlingstema,HT;ER;OX,ab0076
Arkivtema,Behandlingstema,HT;ER;OY,ab0076
Arkivtema,Behandlingstema,HT;ER;OZ,ab0076
Arkivtema,Behandlingstema,HT;ER;O�,ab0076
Arkivtema,Behandlingstema,HT;ER;O�,ab0076
Arkivtema,Behandlingstema,HT;ER;O�,ab0076
Arkivtema,Behandlingstema,HT;ER;O1,ab0076
Arkivtema,Behandlingstema,HT;ER;O2,ab0076
Arkivtema,Behandlingstema,HT;ER;PO,ab0076
Arkivtema,Behandlingstema,HT;ER;QO,ab0076
Arkivtema,Behandlingstema,HT;ER;RO,ab0076
Arkivtema,Behandlingstema,HT;ER;S,ab0076
Arkivtema,Behandlingstema,HT;ER;SE,ab0076
Arkivtema,Behandlingstema,HT;ER;SO,ab0076
Arkivtema,Behandlingstema,HT;ER;SP,ab0076
Arkivtema,Behandlingstema,HT;ER;ST,ab0076
Arkivtema,Behandlingstema,HT;ER;SY,ab0076
Arkivtema,Behandlingstema,HT;ER;TE,ab0076
Arkivtema,Behandlingstema,HT;ER;TO,ab0076
Arkivtema,Behandlingstema,HT;ER;TS,ab0076
Arkivtema,Behandlingstema,HT;ER;TY,ab0076
Arkivtema,Behandlingstema,HT;ER;UO,ab0076
Arkivtema,Behandlingstema,HT;ER;VE,ab0076
Arkivtema,Behandlingstema,HT;ER;VO,ab0076
Arkivtema,Behandlingstema,HT;ER;WO,ab0076
Arkivtema,Behandlingstema,HT;ER;XO,ab0076
Arkivtema,Behandlingstema,HT;ER;XX,ab0076
Arkivtema,Behandlingstema,HT;ER;YN,ab0076
Arkivtema,Behandlingstema,HT;ER;YO,ab0076
Arkivtema,Behandlingstema,HT;ER;YV,ab0076
Arkivtema,Behandlingstema,HT;ER;ZO,ab0076
Arkivtema,Behandlingstema,HT;ER;�O,ab0076
Arkivtema,Behandlingstema,HT;ER;�O,ab0076
Arkivtema,Behandlingstema,HT;ER;�O,ab0076
Arkivtema,Behandlingstema,HT;ER;�T,ab0076
Arkivtema,Behandlingstema,HT;FB,ab0179
Arkivtema,Behandlingstema,HT;FB;OR,ab0179
Arkivtema,Behandlingstema,HT;FB;YS,ab0179
Arkivtema,Behandlingstema,HT;FE,ab0179
Arkivtema,Behandlingstema,HT;FR,ab0179
Arkivtema,Behandlingstema,HT;FT,ab0179
Arkivtema,Behandlingstema,HT;HF,ab0179
Arkivtema,Behandlingstema,HT;JM,ab0179
Arkivtema,Behandlingstema,HT;KP,ab0179
Arkivtema,Behandlingstema,HT;KR,ab0179
Arkivtema,Behandlingstema,HT;KR;FB,ab0179
Arkivtema,Behandlingstema,HT;KR;KP,ab0179
Arkivtema,Behandlingstema,HT;KR;LH,ab0179
Arkivtema,Behandlingstema,HT;KR;LM,ab0179
Arkivtema,Behandlingstema,HT;KR;LS,ab0179
Arkivtema,Behandlingstema,HT;KR;TA,ab0179
Arkivtema,Behandlingstema,HT;KU,ab0179
Arkivtema,Behandlingstema,HT;KU;AA,ab0179
Arkivtema,Behandlingstema,HT;KU;AG,ab0179
Arkivtema,Behandlingstema,HT;KU;IC,ab0179
Arkivtema,Behandlingstema,HT;KU;MH,ab0179
Arkivtema,Behandlingstema,HT;KU;UD,ab0179
Arkivtema,Behandlingstema,HT;KU;UF,ab0179
Arkivtema,Behandlingstema,HT;LA,ab0179
Arkivtema,Behandlingstema,HT;LH,ab0179
Arkivtema,Behandlingstema,HT;LH;OR,ab0179
Arkivtema,Behandlingstema,HT;LH;YS,ab0179
Arkivtema,Behandlingstema,HT;LM,ab0179
Arkivtema,Behandlingstema,HT;LM;AH,ab0179
Arkivtema,Behandlingstema,HT;LM;BD,ab0179
Arkivtema,Behandlingstema,HT;LM;BN,ab0179
Arkivtema,Behandlingstema,HT;LM;DN,ab0179
Arkivtema,Behandlingstema,HT;LM;KM,ab0179
Arkivtema,Behandlingstema,HT;LM;KS,ab0179
Arkivtema,Behandlingstema,HT;LM;LB,ab0179
Arkivtema,Behandlingstema,HT;LM;LP,ab0179
Arkivtema,Behandlingstema,HT;LM;LY,ab0179
Arkivtema,Behandlingstema,HT;LM;MD,ab0179
Arkivtema,Behandlingstema,HT;LM;ME,ab0179
Arkivtema,Behandlingstema,HT;LM;MI,ab0179
Arkivtema,Behandlingstema,HT;LM;PB,ab0179
Arkivtema,Behandlingstema,HT;LM;PL,ab0179
Arkivtema,Behandlingstema,HT;LM;PM,ab0179
Arkivtema,Behandlingstema,HT;LM;PO,ab0179
Arkivtema,Behandlingstema,HT;LM;PX,ab0179
Arkivtema,Behandlingstema,HT;LM;SF,ab0179
Arkivtema,Behandlingstema,HT;LM;SS,ab0179
Arkivtema,Behandlingstema,HT;LM;YS,ab0179
Arkivtema,Behandlingstema,HT;LM;YV,ab0179
Arkivtema,Behandlingstema,HT;OA,ab0179
Arkivtema,Behandlingstema,HT;OA;AM,ab0179
Arkivtema,Behandlingstema,HT;OA;AN,ab0179
Arkivtema,Behandlingstema,HT;OA;BD,ab0179
Arkivtema,Behandlingstema,HT;OA;FB,ab0179
Arkivtema,Behandlingstema,HT;OA;HI,ab0179
Arkivtema,Behandlingstema,HT;OA;KP,ab0179
Arkivtema,Behandlingstema,HT;OA;LA,ab0179
Arkivtema,Behandlingstema,HT;OA;LE,ab0179
Arkivtema,Behandlingstema,HT;OA;PL,ab0179
Arkivtema,Behandlingstema,HT;OA;PY,ab0179
Arkivtema,Behandlingstema,HT;OA;RU,ab0179
Arkivtema,Behandlingstema,HT;OA;TA,ab0179
Arkivtema,Behandlingstema,HT;OA;XX,ab0179
Arkivtema,Behandlingstema,HT;OD,ab0179
Arkivtema,Behandlingstema,HT;OD;AM,ab0179
Arkivtema,Behandlingstema,HT;OD;AN,ab0179
Arkivtema,Behandlingstema,HT;OD;BD,ab0179
Arkivtema,Behandlingstema,HT;OD;FB,ab0179
Arkivtema,Behandlingstema,HT;OD;HI,ab0179
Arkivtema,Behandlingstema,HT;OD;KP,ab0179
Arkivtema,Behandlingstema,HT;OD;LA,ab0179
Arkivtema,Behandlingstema,HT;OD;LE,ab0179
Arkivtema,Behandlingstema,HT;OD;PL,ab0179
Arkivtema,Behandlingstema,HT;OD;PY,ab0179
Arkivtema,Behandlingstema,HT;OD;RU,ab0179
Arkivtema,Behandlingstema,HT;OD;TA,ab0179
Arkivtema,Behandlingstema,HT;OD;XX,ab0179
Arkivtema,Behandlingstema,HT;OH,ab0013
Arkivtema,Behandlingstema,HT;OH;OR,ab0013
Arkivtema,Behandlingstema,HT;OH;OU,ab0013
Arkivtema,Behandlingstema,HT;OH;YS,ab0013
Arkivtema,Behandlingstema,HT;OR,ab0179
Arkivtema,Behandlingstema,HT;OU,ab0179
Arkivtema,Behandlingstema,HT;OU;AA,ab0179
Arkivtema,Behandlingstema,HT;OU;AG,ab0179
Arkivtema,Behandlingstema,HT;OU;AM,ab0179
Arkivtema,Behandlingstema,HT;OU;AN,ab0179
Arkivtema,Behandlingstema,HT;OU;BD,ab0179
Arkivtema,Behandlingstema,HT;OU;FB,ab0179
Arkivtema,Behandlingstema,HT;OU;HI,ab0179
Arkivtema,Behandlingstema,HT;OU;IC,ab0179
Arkivtema,Behandlingstema,HT;OU;KP,ab0179
Arkivtema,Behandlingstema,HT;OU;LA,ab0179
Arkivtema,Behandlingstema,HT;OU;LE,ab0179
Arkivtema,Behandlingstema,HT;OU;MH,ab0179
Arkivtema,Behandlingstema,HT;OU;PL,ab0179
Arkivtema,Behandlingstema,HT;OU;PY,ab0179
Arkivtema,Behandlingstema,HT;OU;RU,ab0179
Arkivtema,Behandlingstema,HT;OU;TA,ab0179
Arkivtema,Behandlingstema,HT;OU;UD,ab0179
Arkivtema,Behandlingstema,HT;OU;UF,ab0179
Arkivtema,Behandlingstema,HT;OU;XX,ab0179
Arkivtema,Behandlingstema,HT;PB,ab0179
Arkivtema,Behandlingstema,HT;PB;OR,ab0179
Arkivtema,Behandlingstema,HT;PB;YS,ab0179
Arkivtema,Behandlingstema,HT;PL,ab0179
Arkivtema,Behandlingstema,HT;RM,ab0179
Arkivtema,Behandlingstema,HT;RM;LM,ab0179
Arkivtema,Behandlingstema,HT;RM;SU,ab0179
Arkivtema,Behandlingstema,HT;RU,ab0179
Arkivtema,Behandlingstema,HT;RU;OR,ab0179
Arkivtema,Behandlingstema,HT;RU;TR,ab0179
Arkivtema,Behandlingstema,HT;RU;UK,ab0179
Arkivtema,Behandlingstema,HT;RU;YS,ab0179
Arkivtema,Behandlingstema,HT;SU,ab0179
Arkivtema,Behandlingstema,HT;SU;OR,ab0179
Arkivtema,Behandlingstema,HT;SU;YS,ab0179
Arkivtema,Behandlingstema,HT;TA,ab0179
Arkivtema,Behandlingstema,HT;TA;BD,ab0179
Arkivtema,Behandlingstema,HT;TA;KB,ab0179
Arkivtema,Behandlingstema,HT;TA;PL,ab0179
Arkivtema,Behandlingstema,HT;TA;YS,ab0179
Arkivtema,Behandlingstema,HT;UA,ab0179
Arkivtema,Behandlingstema,HT;UA;AM,ab0179
Arkivtema,Behandlingstema,HT;UA;AN,ab0179
Arkivtema,Behandlingstema,HT;UA;BD,ab0179
Arkivtema,Behandlingstema,HT;UA;FB,ab0179
Arkivtema,Behandlingstema,HT;UA;HI,ab0179
Arkivtema,Behandlingstema,HT;UA;KP,ab0179
Arkivtema,Behandlingstema,HT;UA;LA,ab0179
Arkivtema,Behandlingstema,HT;UA;LE,ab0179
Arkivtema,Behandlingstema,HT;UA;PL,ab0179
Arkivtema,Behandlingstema,HT;UA;PY,ab0179
Arkivtema,Behandlingstema,HT;UA;RU,ab0179
Arkivtema,Behandlingstema,HT;UA;TA,ab0179
Arkivtema,Behandlingstema,HT;UA;XX,ab0179
Arkivtema,Behandlingstema,HT;UD,ab0179
Arkivtema,Behandlingstema,HT;UD;AM,ab0179
Arkivtema,Behandlingstema,HT;UD;AN,ab0179
Arkivtema,Behandlingstema,HT;UD;BD,ab0179
Arkivtema,Behandlingstema,HT;UD;FB,ab0179
Arkivtema,Behandlingstema,HT;UD;HI,ab0179
Arkivtema,Behandlingstema,HT;UD;KP,ab0179
Arkivtema,Behandlingstema,HT;UD;LA,ab0179
Arkivtema,Behandlingstema,HT;UD;LE,ab0179
Arkivtema,Behandlingstema,HT;UD;PL,ab0179
Arkivtema,Behandlingstema,HT;UD;PY,ab0179
Arkivtema,Behandlingstema,HT;UD;RU,ab0179
Arkivtema,Behandlingstema,HT;UD;TA,ab0179
Arkivtema,Behandlingstema,HT;UD;XX,ab0179
Arkivtema,Behandlingstema,HT;UF,ab0179
Arkivtema,Behandlingstema,HT;UF;AN,ab0179
Arkivtema,Behandlingstema,HT;UF;BD,ab0179
Arkivtema,Behandlingstema,HT;UF;KP,ab0179
Arkivtema,Behandlingstema,HT;UF;LA,ab0179
Arkivtema,Behandlingstema,HT;UF;OR,ab0179
Arkivtema,Behandlingstema,HT;UF;PL,ab0179
Arkivtema,Behandlingstema,HT;UF;TA,ab0179
Arkivtema,Behandlingstema,HT;UF;YS,ab0179
Arkivtema,Behandlingstema,HT;UN,ab0179
Arkivtema,Behandlingstema,HT;UN;DI,ab0179
Arkivtema,Behandlingstema,HT;UN;FI,ab0179
Arkivtema,Behandlingstema,HT;UN;FL,ab0179
Arkivtema,Behandlingstema,HT;UN;OX,ab0179
Arkivtema,Behandlingstema,HT;UP,ab0179
Arkivtema,Behandlingstema,HT;UP;FB,ab0179
Arkivtema,Behandlingstema,HT;UP;JM,ab0179
Arkivtema,Behandlingstema,HT;UP;LE,ab0179
Arkivtema,Behandlingstema,HT;UP;LR,ab0179
Arkivtema,Behandlingstema,HT;UP;PO,ab0179
Arkivtema,Behandlingstema,HT;UP;PY,ab0179
Arkivtema,Behandlingstema,HT;UP;SP,ab0179
Arkivtema,Behandlingstema,HT;UP;TO,ab0179
Arkivtema,Behandlingstema,HT;UP;UP,ab0179
Arkivtema,Behandlingstema,HT;UR,ab0179
Arkivtema,Behandlingstema,HT;UR;AT,ab0179
Arkivtema,Behandlingstema,HT;UR;UK,ab0179
Arkivtema,Behandlingstema,HT;UU,ab0179
Arkivtema,Behandlingstema,HT;UU;AA,ab0179
Arkivtema,Behandlingstema,HT;UU;AG,ab0179
Arkivtema,Behandlingstema,HT;UU;AM,ab0179
Arkivtema,Behandlingstema,HT;UU;AN,ab0179
Arkivtema,Behandlingstema,HT;UU;BD,ab0179
Arkivtema,Behandlingstema,HT;UU;FB,ab0179
Arkivtema,Behandlingstema,HT;UU;HI,ab0179
Arkivtema,Behandlingstema,HT;UU;IC,ab0179
Arkivtema,Behandlingstema,HT;UU;KP,ab0179
Arkivtema,Behandlingstema,HT;UU;LA,ab0179
Arkivtema,Behandlingstema,HT;UU;LE,ab0179
Arkivtema,Behandlingstema,HT;UU;MH,ab0179
Arkivtema,Behandlingstema,HT;UU;PL,ab0179
Arkivtema,Behandlingstema,HT;UU;PY,ab0179
Arkivtema,Behandlingstema,HT;UU;RU,ab0179
Arkivtema,Behandlingstema,HT;UU;TA,ab0179
Arkivtema,Behandlingstema,HT;UU;UD,ab0179
Arkivtema,Behandlingstema,HT;UU;UF,ab0179
Arkivtema,Behandlingstema,HT;UU;XX,ab0179
Arkivtema,Behandlingstema,HT;UX,ab0179
Arkivtema,Behandlingstema,HT;UX;AN,ab0179
Arkivtema,Behandlingstema,HT;UX;BD,ab0179
Arkivtema,Behandlingstema,HT;UX;FB,ab0179
Arkivtema,Behandlingstema,HT;UX;JM,ab0179
Arkivtema,Behandlingstema,HT;UX;KP,ab0179
Arkivtema,Behandlingstema,HT;UX;LA,ab0179
Arkivtema,Behandlingstema,HT;UX;LE,ab0179
Arkivtema,Behandlingstema,HT;UX;LR,ab0179
Arkivtema,Behandlingstema,HT;UX;OR,ab0179
Arkivtema,Behandlingstema,HT;UX;PL,ab0179
Arkivtema,Behandlingstema,HT;UX;PO,ab0179
Arkivtema,Behandlingstema,HT;UX;PY,ab0179
Arkivtema,Behandlingstema,HT;UX;SP,ab0179
Arkivtema,Behandlingstema,HT;UX;TA,ab0179
Arkivtema,Behandlingstema,HT;UX;TO,ab0179
Arkivtema,Behandlingstema,HT;UX;YS,ab0179
Arkivtema,Behandlingstema,KS,ab0084
Arkivtema,Behandlingstema,KS;AD,ab0098
Arkivtema,Behandlingstema,KS;AD;EU,ab0098
Arkivtema,Behandlingstema,KS;AD;MB,ab0098
Arkivtema,Behandlingstema,KS;AD;ME,ab0098
Arkivtema,Behandlingstema,KS;AD;OS,ab0098
Arkivtema,Behandlingstema,KS;EU,ab0060
Arkivtema,Behandlingstema,KS;EU;MB,ab0060
Arkivtema,Behandlingstema,KS;EU;OS,ab0060
Arkivtema,Behandlingstema,KS;KS,ab0084
Arkivtema,Behandlingstema,KS;KS;MB,ab0084
Arkivtema,Behandlingstema,KS;KS;OS,ab0084
Arkivtema,Behandlingstema,ME,ab0269
Arkivtema,Behandlingstema,ME;MS,ab0211
Arkivtema,Behandlingstema,ME;MS;AV,ab0099
Arkivtema,Behandlingstema,ME;MS;EN,ab0211
Arkivtema,Behandlingstema,ME;MS;OM,ab0211
Arkivtema,Behandlingstema,ME;UE,ab0154
Arkivtema,Behandlingstema,ME;UM,ab0154
Arkivtema,Behandlingstema,PE,ab0275
Arkivtema,Behandlingstema,PE;AB,ab0048
Arkivtema,Behandlingstema,PE;AB;IK,ab0048
Arkivtema,Behandlingstema,PE;AB;OR,ab0048
Arkivtema,Behandlingstema,PE;AP,ab0254
Arkivtema,Behandlingstema,PE;AP;EN,ab0254
Arkivtema,Behandlingstema,PE;AP;EU,ab0254
Arkivtema,Behandlingstema,PE;AP;FU,ab0254
Arkivtema,Behandlingstema,PE;AP;IK,ab0254
Arkivtema,Behandlingstema,PE;AP;KN,ab0254
Arkivtema,Behandlingstema,PE;AP;KU,ab0254
Arkivtema,Behandlingstema,PE;AP;LA,ab0254
Arkivtema,Behandlingstema,PE;AP;OR,ab0254
Arkivtema,Behandlingstema,PE;AP;US,ab0254
Arkivtema,Behandlingstema,PE;AP;YS,ab0254
Arkivtema,Behandlingstema,PE;BB,ab0255
Arkivtema,Behandlingstema,PE;BB;EN,ab0255
Arkivtema,Behandlingstema,PE;BB;FU,ab0255
Arkivtema,Behandlingstema,PE;BB;LA,ab0255
Arkivtema,Behandlingstema,PE;BB;OR,ab0255
Arkivtema,Behandlingstema,PE;BB;YS,ab0255
Arkivtema,Behandlingstema,PE;BE,ab0255
Arkivtema,Behandlingstema,PE;BE;EN,ab0255
Arkivtema,Behandlingstema,PE;BE;FU,ab0255
Arkivtema,Behandlingstema,PE;BE;LA,ab0255
Arkivtema,Behandlingstema,PE;BE;OR,ab0255
Arkivtema,Behandlingstema,PE;BE;YS,ab0255
Arkivtema,Behandlingstema,PE;EB,ab0028
Arkivtema,Behandlingstema,PE;EO,ab0071
Arkivtema,Behandlingstema,PE;GO,ab0071
Arkivtema,Behandlingstema,PE;GO;EN,ab0071
Arkivtema,Behandlingstema,PE;GO;EU,ab0071
Arkivtema,Behandlingstema,PE;GO;FU,ab0071
Arkivtema,Behandlingstema,PE;GO;IK,ab0071
Arkivtema,Behandlingstema,PE;GO;KN,ab0071
Arkivtema,Behandlingstema,PE;GO;KU,ab0071
Arkivtema,Behandlingstema,PE;GO;LA,ab0071
Arkivtema,Behandlingstema,PE;GO;OR,ab0071
Arkivtema,Behandlingstema,PE;GO;YS,ab0071
Arkivtema,Behandlingstema,PE;GP,ab0011
Arkivtema,Behandlingstema,PE;GP;EN,ab0011
Arkivtema,Behandlingstema,PE;GP;EU,ab0011
Arkivtema,Behandlingstema,PE;GP;FU,ab0011
Arkivtema,Behandlingstema,PE;GP;IK,ab0011
Arkivtema,Behandlingstema,PE;GP;KN,ab0011
Arkivtema,Behandlingstema,PE;GP;KU,ab0011
Arkivtema,Behandlingstema,PE;GP;LA,ab0011
Arkivtema,Behandlingstema,PE;GP;OR,ab0011
Arkivtema,Behandlingstema,PE;GP;YS,ab0011
Arkivtema,Behandlingstema,PE;GS,ab0132
Arkivtema,Behandlingstema,PE;GS;FU,ab0132
Arkivtema,Behandlingstema,PE;GS;OR,ab0132
Arkivtema,Behandlingstema,PE;GS;YS,ab0132
Arkivtema,Behandlingstema,PE;HS,ab0138
Arkivtema,Behandlingstema,PE;HS;FU,ab0138
Arkivtema,Behandlingstema,PE;HS;OR,ab0138
Arkivtema,Behandlingstema,PE;HS;YS,ab0138
Arkivtema,Behandlingstema,PE;KM,ab0131
Arkivtema,Behandlingstema,PE;KM;AN,ab0131
Arkivtema,Behandlingstema,PE;KM;LA,ab0131
Arkivtema,Behandlingstema,PE;KS,ab0131
Arkivtema,Behandlingstema,PE;KS;AN,ab0131
Arkivtema,Behandlingstema,PE;KS;LA,ab0131
Arkivtema,Behandlingstema,PE;SJ,ab0256
Arkivtema,Behandlingstema,PE;SJ;AP,ab0256
Arkivtema,Behandlingstema,PE;SJ;BE,ab0256
Arkivtema,Behandlingstema,PE;SJ;BP,ab0256
Arkivtema,Behandlingstema,PE;SJ;FP,ab0256
Arkivtema,Behandlingstema,PE;SJ;GO,ab0256
Arkivtema,Behandlingstema,PE;SJ;GP,ab0256
Arkivtema,Behandlingstema,PE;SJ;LA,ab0256
Arkivtema,Behandlingstema,PE;SJ;UP,ab0256
Arkivtema,Behandlingstema,PE;ST,ab0257
Arkivtema,Behandlingstema,PE;ST;AF,ab0257
Arkivtema,Behandlingstema,PE;ST;AP,ab0257
Arkivtema,Behandlingstema,PE;ST;BB,ab0257
Arkivtema,Behandlingstema,PE;ST;BE,ab0257
Arkivtema,Behandlingstema,PE;ST;FP,ab0257
Arkivtema,Behandlingstema,PE;ST;GP,ab0257
Arkivtema,Behandlingstema,PE;ST;LA,ab0257
Arkivtema,Behandlingstema,PE;ST;UP,ab0257
Arkivtema,Behandlingstema,PE;UB,ab0048
Arkivtema,Behandlingstema,PE;UB;IK,ab0048
Arkivtema,Behandlingstema,PE;UB;OR,ab0048
Arkivtema,Behandlingstema,PE;UE,ab0144
Arkivtema,Behandlingstema,PE;UE;IK,ab0144
Arkivtema,Behandlingstema,PE;UE;OR,ab0144
Arkivtema,Behandlingstema,PE;UP,ab0194
Arkivtema,Behandlingstema,PE;UP;EA,ab0194
Arkivtema,Behandlingstema,PE;UP;EN,ab0194
Arkivtema,Behandlingstema,PE;UP;EU,ab0194
Arkivtema,Behandlingstema,PE;UP;FU,ab0194
Arkivtema,Behandlingstema,PE;UP;IK,ab0194
Arkivtema,Behandlingstema,PE;UP;KN,ab0194
Arkivtema,Behandlingstema,PE;UP;KU,ab0194
Arkivtema,Behandlingstema,PE;UP;LA,ab0194
Arkivtema,Behandlingstema,PE;UP;OR,ab0194
Arkivtema,Behandlingstema,PE;UP;RA,ab0194
Arkivtema,Behandlingstema,PE;UP;YS,ab0194
Arkivtema,Behandlingstema,PE;XP,ab0174
Arkivtema,Behandlingstema,PE;XP;BF,ab0174
Arkivtema,Behandlingstema,PE;XP;DI,ab0174
Arkivtema,Behandlingstema,PE;XP;IK,ab0174
Arkivtema,Behandlingstema,PE;XP;LA,ab0174
Arkivtema,Behandlingstema,PE;XP;LO,ab0174
Arkivtema,Behandlingstema,PE;XP;OT,ab0174
Arkivtema,Behandlingstema,PE;XP;ST,ab0174
Arkivtema,Behandlingstema,PE;YS,ab0258
Arkivtema,Behandlingstema,PE;YS;AN,ab0258
Arkivtema,Behandlingstema,PE;YS;IK,ab0258
Arkivtema,Behandlingstema,PE;YS;LA,ab0258
Arkivtema,Behandlingstema,RP,ab0265
Arkivtema,Behandlingstema,RP;AT,ab0095
Arkivtema,Behandlingstema,RP;AT;BT,ab0095
Arkivtema,Behandlingstema,RP;AT;E�,ab0095
Arkivtema,Behandlingstema,RP;AT;OR,ab0095
Arkivtema,Behandlingstema,RP;AT;RT,ab0095
Arkivtema,Behandlingstema,RP;AT;UU,ab0095
Arkivtema,Behandlingstema,RP;AT;YS,ab0095
Arkivtema,Behandlingstema,RP;AY,ab0097
Arkivtema,Behandlingstema,RP;AY;BT,ab0097
Arkivtema,Behandlingstema,RP;AY;E�,ab0097
Arkivtema,Behandlingstema,RP;AY;OR,ab0097
Arkivtema,Behandlingstema,RP;AY;UU,ab0097
Arkivtema,Behandlingstema,RP;AY;YS,ab0097
Arkivtema,Behandlingstema,RP;KH,ab0088
Arkivtema,Behandlingstema,RP;MS,ab0212
Arkivtema,Behandlingstema,RP;MS;BT,ab0212
Arkivtema,Behandlingstema,RP;MS;E�,ab0212
Arkivtema,Behandlingstema,RP;MS;OR,ab0212
Arkivtema,Behandlingstema,RP;MS;UU,ab0212
Arkivtema,Behandlingstema,RP;MS;YS,ab0212
Arkivtema,Behandlingstema,RP;RP,ab0088
Arkivtema,Behandlingstema,RP;RT,ab0088
Arkivtema,Behandlingstema,RP;SS,ab0083
Arkivtema,Behandlingstema,RP;SS;BT,ab0083
Arkivtema,Behandlingstema,RP;SS;E�,ab0083
Arkivtema,Behandlingstema,RP;SS;OR,ab0083
Arkivtema,Behandlingstema,RP;SS;UU,ab0083
Arkivtema,Behandlingstema,RP;SS;YS,ab0083
Arkivtema,Behandlingstema,RP;TF,ab0067
Arkivtema,Behandlingstema,RP;TF;BT,ab0067
Arkivtema,Behandlingstema,RP;TF;E�,ab0067
Arkivtema,Behandlingstema,RP;TF;OR,ab0067
Arkivtema,Behandlingstema,RP;TF;UU,ab0067
Arkivtema,Behandlingstema,RP;TF;YS,ab0067
Arkivtema,Behandlingstema,RP;US,ab0055
Arkivtema,Behandlingstema,RP;US;BT,ab0055
Arkivtema,Behandlingstema,RP;US;E�,ab0055
Arkivtema,Behandlingstema,RP;US;OR,ab0055
Arkivtema,Behandlingstema,RP;US;UU,ab0055
Arkivtema,Behandlingstema,RP;US;YS,ab0055
Arkivtema,Behandlingstema,RP;VS,ab0188
Arkivtema,Behandlingstema,RP;VS;BT,ab0188
Arkivtema,Behandlingstema,RP;VS;E�,ab0188
Arkivtema,Behandlingstema,RP;VS;OR,ab0188
Arkivtema,Behandlingstema,RP;VS;YS,ab0188
Arkivtema,Behandlingstema,RP;VT,ab0188
Arkivtema,Behandlingstema,RP;VT;BT,ab0188
Arkivtema,Behandlingstema,RP;VT;E�,ab0188
Arkivtema,Behandlingstema,RP;VT;OR,ab0188
Arkivtema,Behandlingstema,RP;VT;UU,ab0188
Arkivtema,Behandlingstema,RP;VT;YS,ab0188
Arkivtema,Behandlingstema,RP;YA,ab0233
Arkivtema,Behandlingstema,RP;YA;UU,ab0233
Arkivtema,Behandlingstema,RP;YA;YS,ab0233
Arkivtema,Behandlingstema,SP,ab0061
Arkivtema,Behandlingstema,SP;KH,ab0139
Arkivtema,Behandlingstema,SP;RS,ab0200
Arkivtema,Behandlingstema,SP;RS;NA,ab0200
Arkivtema,Behandlingstema,SP;RS;UL,ab0200
Arkivtema,Behandlingstema,SP;RT,ab0237
Arkivtema,Behandlingstema,SP;RT;NA,ab0237
Arkivtema,Behandlingstema,SP;RT;UL,ab0237
Arkivtema,Behandlingstema,SP;SP,ab0061
Arkivtema,Behandlingstema,SP;SP;NA,ab0061
Arkivtema,Behandlingstema,SP;SP;UL,ab0061
Arkivtema,Behandlingstema,SP;SU,ab0314
Arkivtema,Behandlingstema,SP;SU;NA,ab0314
Arkivtema,Behandlingstema,SP;SU;UL,ab0314
Arkivtema,Behandlingstema,SU,ab0268
Arkivtema,Behandlingstema,SU;EN,ab0201
Arkivtema,Behandlingstema,SU;EN;OB,ab0234
Arkivtema,Behandlingstema,SU;EN;OR,ab0201
Arkivtema,Behandlingstema,SU;EO,ab0158
Arkivtema,Behandlingstema,SU;EO;OB,ab0235
Arkivtema,Behandlingstema,SU;EO;OR,ab0158
Arkivtema,Behandlingstema,SU;EU,ab0218
Arkivtema,Behandlingstema,SU;EU;OB,ab0236
Arkivtema,Behandlingstema,SU;EU;OR,ab0218
Arkivtema,Behandlingstema,SU;EV,ab0303
Arkivtema,Behandlingstema,SU;EV;OR,ab0303
Arkivtema,Behandlingstema,UY,ab0194
Arkivtema,Behandlingstema,UY;TU,ab0130
Arkivtema,Behandlingstema,UY;TU;BT,ab0130
Arkivtema,Behandlingstema,UY;TU;EB,ab0130
Arkivtema,Behandlingstema,UY;TU;E�,ab0130
Arkivtema,Behandlingstema,UY;TU;LA,ab0130
Arkivtema,Behandlingstema,UY;TU;OB,ab0130
Arkivtema,Behandlingstema,UY;TU;OR,ab0130
Arkivtema,Behandlingstema,UY;TU;YB,ab0130
Arkivtema,Behandlingstema,UY;TU;YS,ab0130
Arkivtema,Behandlingstema,UY;UF,ab0044
Arkivtema,Behandlingstema,UY;UF;OR,ab0044
Arkivtema,Behandlingstema,UY;UF;YS,ab0044
Arkivtema,Behandlingstema,UY;UP,ab0044
Arkivtema,Behandlingstema,UY;UP;FU,ab0044
Arkivtema,Behandlingstema,UY;UP;IK,ab0044
Arkivtema,Behandlingstema,UY;UP;LA,ab0044
Arkivtema,Behandlingstema,UY;UP;LT,ab0044
Arkivtema,Behandlingstema,UY;UP;OR,ab0044
Arkivtema,Behandlingstema,UY;UP;RA,ab0044
Arkivtema,Behandlingstema,UY;UP;YS,ab0044
Arkivtema,Behandlingstema,UY;UX,ab0039
Arkivtema,Behandlingstema,UY;UX;EN,ab0039
Arkivtema,Behandlingstema,UY;UX;EU,ab0039
Arkivtema,Behandlingstema,UY;UX;KN,ab0039
Arkivtema,Behandlingstema,UY;UX;KU,ab0039
Arkivtema,Behandlingstema,UY;UX;OR,ab0039
Arkivtema,Behandlingstema,YS,ab0276
Arkivtema,Behandlingstema,YS;AM,ab0185
Arkivtema,Behandlingstema,YS;DK,ab0276
Arkivtema,Behandlingstema,YS;SM,ab0106
Arkivtema,Behandlingstema,YS;SM;AA,ab0106
Arkivtema,Behandlingstema,YS;SM;AT,ab0106
Arkivtema,Behandlingstema,YS;SM;BR,ab0106
Arkivtema,Behandlingstema,YS;SM;ES,ab0106
Arkivtema,Behandlingstema,YS;SM;FF,ab0106
Arkivtema,Behandlingstema,YS;SM;IS,ab0106
Arkivtema,Behandlingstema,YS;SM;MP,ab0106
Arkivtema,Behandlingstema,YS;SM;SF,ab0106
Arkivtema,Behandlingstema,YS;SS,ab0304
Arkivtema,Behandlingstema,YS;SS;AA,ab0304
Arkivtema,Behandlingstema,YS;SS;AT,ab0304
Arkivtema,Behandlingstema,YS;SS;BR,ab0304
Arkivtema,Behandlingstema,YS;SS;ES,ab0304
Arkivtema,Behandlingstema,YS;SS;FF,ab0304
Arkivtema,Behandlingstema,YS;SS;IS,ab0304
Arkivtema,Behandlingstema,YS;SS;MP,ab0304
Arkivtema,Behandlingstema,YS;SS;SF,ab0304
Arkivtema,Behandlingstema,YS;TS,ab0276
Arkivtema,Behandlingstema,YS;TY,ab0276
Arkivtema,Behandlingstema,YS;UM,ab0259
Arkivtema,Behandlingstema,YS;UM;AA,ab0259
Arkivtema,Behandlingstema,YS;UM;AT,ab0259
Arkivtema,Behandlingstema,YS;UM;BR,ab0259
Arkivtema,Behandlingstema,YS;UM;ES,ab0259
Arkivtema,Behandlingstema,YS;UM;FF,ab0259
Arkivtema,Behandlingstema,YS;UM;IS,ab0259
Arkivtema,Behandlingstema,YS;UM;MP,ab0259
Arkivtema,Behandlingstema,YS;UM;SF,ab0259
Arkivtema,Behandlingstema,YS;US,ab0106
Arkivtema,Behandlingstema,YS;US;AA,ab0106
Arkivtema,Behandlingstema,YS;US;AT,ab0106
Arkivtema,Behandlingstema,YS;US;BR,ab0106
Arkivtema,Behandlingstema,YS;US;ES,ab0106
Arkivtema,Behandlingstema,YS;US;FF,ab0106
Arkivtema,Behandlingstema,YS;US;IS,ab0106
Arkivtema,Behandlingstema,YS;US;MP,ab0106
Arkivtema,Behandlingstema,YS;US;SF,ab0106
Arkivtema,Behandlingstema,YS;UX,ab0305
Arkivtema,Behandlingstema,YS;UX;AA,ab0305
Arkivtema,Behandlingstema,YS;UX;AT,ab0305
Arkivtema,Behandlingstema,YS;UX;BR,ab0305
Arkivtema,Behandlingstema,YS;UX;ES,ab0305
Arkivtema,Behandlingstema,YS;UX;FF,ab0305
Arkivtema,Behandlingstema,YS;UX;IS,ab0305
Arkivtema,Behandlingstema,YS;UX;MP,ab0305
Arkivtema,Behandlingstema,YS;UX;SF,ab0305
Arkivtema,Behandlingstema,YS;YE,ab0259
Arkivtema,Behandlingstema,YS;YE;AA,ab0259
Arkivtema,Behandlingstema,YS;YE;AT,ab0259
Arkivtema,Behandlingstema,YS;YE;BR,ab0259
Arkivtema,Behandlingstema,YS;YE;ES,ab0259
Arkivtema,Behandlingstema,YS;YE;FF,ab0259
Arkivtema,Behandlingstema,YS;YE;IS,ab0259
Arkivtema,Behandlingstema,YS;YE;MP,ab0259
Arkivtema,Behandlingstema,YS;YE;SF,ab0259
Arkivtema,Behandlingstema,YS;YN,ab0085
Arkivtema,Behandlingstema,YS;YN;AA,ab0085
Arkivtema,Behandlingstema,YS;YN;AT,ab0085
Arkivtema,Behandlingstema,YS;YN;BR,ab0085
Arkivtema,Behandlingstema,YS;YN;ES,ab0085
Arkivtema,Behandlingstema,YS;YN;FF,ab0085
Arkivtema,Behandlingstema,YS;YN;IS,ab0085
Arkivtema,Behandlingstema,YS;YN;MP,ab0085
Arkivtema,Behandlingstema,YS;YN;SF,ab0085
Arkivtema,Behandlingstema,YS;YS,ab0305
Arkivtema,Behandlingstema,YS;YS;AA,ab0305
Arkivtema,Behandlingstema,YS;YS;AT,ab0305
Arkivtema,Behandlingstema,YS;YS;BR,ab0305
Arkivtema,Behandlingstema,YS;YS;ES,ab0305
Arkivtema,Behandlingstema,YS;YS;FF,ab0305
Arkivtema,Behandlingstema,YS;YS;IS,ab0305
Arkivtema,Behandlingstema,YS;YS;MP,ab0305
Arkivtema,Behandlingstema,YS;YS;SF,ab0305
Avslutningsstatus,Avslutningsstatus,?,bestlutningsstoette
Avslutningsstatus,Avslutningsstatus,A,avslag
Avslutningsstatus,Avslutningsstatus,AA,avsluttet-annen-aarsak
Avslutningsstatus,Avslutningsstatus,AB,avslag-ikke-bosatt
Avslutningsstatus,Avslutningsstatus,AD,avsluttet-doed
Avslutningsstatus,Avslutningsstatus,AE,avslag-eoes-beregning
Avslutningsstatus,Avslutningsstatus,AF,avsluttet-friskmelding
Avslutningsstatus,Avslutningsstatus,AG,avslag-godkjenning
Avslutningsstatus,Avslutningsstatus,AH,hevet
Avslutningsstatus,Avslutningsstatus,AK,avvist-klage
Avslutningsstatus,Avslutningsstatus,AM,avsluttet-maxdato-naadd
Avslutningsstatus,Avslutningsstatus,AN,avbrutt-annulert
Avslutningsstatus,Avslutningsstatus,AS,avslag-ikke-statsborger
Avslutningsstatus,Avslutningsstatus,AT,avvist-trygderetten
Avslutningsstatus,Avslutningsstatus,AU,avslag-utenfor-forskr
Avslutningsstatus,Avslutningsstatus,AV,advarsel
Avslutningsstatus,Avslutningsstatus,A�,avslag-oekning
Avslutningsstatus,Avslutningsstatus,A�,avslag-under-18aar
Avslutningsstatus,Avslutningsstatus,A1,uy-norge-innvilget-utland
Avslutningsstatus,Avslutningsstatus,A2,uy-norge-delvis-innvilget-utland
Avslutningsstatus,Avslutningsstatus,A3,uy-norge-avslag-utland
Avslutningsstatus,Avslutningsstatus,BE,bereget-eoes-hoeyest
Avslutningsstatus,Avslutningsstatus,BI,betinget-innvilget
Avslutningsstatus,Avslutningsstatus,blank,blank
Avslutningsstatus,Avslutningsstatus,BN,beregnet-norsk-hoeyest
Avslutningsstatus,Avslutningsstatus,BU,blankett-utstedt
Avslutningsstatus,Avslutningsstatus,DG,delvis-godkjenning
Avslutningsstatus,Avslutningsstatus,DI,delvis-innvilget
Avslutningsstatus,Avslutningsstatus,DT,delvis-tilbakebetale
Avslutningsstatus,Avslutningsstatus,D�,doed
Avslutningsstatus,Avslutningsstatus,E,endring
Avslutningsstatus,Avslutningsstatus,EM,endret-midlertidig
Avslutningsstatus,Avslutningsstatus,EU,eoes-blankett-utstedt
Avslutningsstatus,Avslutningsstatus,F,frafalt
Avslutningsstatus,Avslutningsstatus,FA,friskmeldt-til-arbeidsformidling
Avslutningsstatus,Avslutningsstatus,FB,ferdigbehandlet
Avslutningsstatus,Avslutningsstatus,FG,fortsatt-innvilget-m-gar-till
Avslutningsstatus,Avslutningsstatus,FI,fortsatt-innvilget
Avslutningsstatus,Avslutningsstatus,FL,avsluttet-flyttet
Avslutningsstatus,Avslutningsstatus,FT,fortsatt-loennstilskudd-ufp
Avslutningsstatus,Avslutningsstatus,FV,foreloepig-vedtak
Avslutningsstatus,Avslutningsstatus,G,godkjent
Avslutningsstatus,Avslutningsstatus,GD,gjeld-delvis-ettergitt
Avslutningsstatus,Avslutningsstatus,GE,gjeld-ettergitt
Avslutningsstatus,Avslutningsstatus,GI,gjeld-ikke-ettergitt
Avslutningsstatus,Avslutningsstatus,GK,godkjent
Avslutningsstatus,Avslutningsstatus,GO,gjeld-oppgjort
Avslutningsstatus,Avslutningsstatus,GT,gjeld-tvangsinndrivelse
Avslutningsstatus,Avslutningsstatus,H,henlagt-trukket-tilbake
Avslutningsstatus,Avslutningsstatus,HA,avbrutt-henlagt-annulert
Avslutningsstatus,Avslutningsstatus,HB,avbrutt-henlagt-bortfalt
Avslutningsstatus,Avslutningsstatus,HI,henlagt-ikke-straffbart
Avslutningsstatus,Avslutningsstatus,I,innvilget
Avslutningsstatus,Avslutningsstatus,IA,innvilget-automatisk
Avslutningsstatus,Avslutningsstatus,IB,ikke-behandlet
Avslutningsstatus,Avslutningsstatus,IE,innvilget-eoes-beregning-siden
Avslutningsstatus,Avslutningsstatus,IF,innbetalt-frivillig
Avslutningsstatus,Avslutningsstatus,IG,innvilget-med-giro
Avslutningsstatus,Avslutningsstatus,IK,innkreving
Avslutningsstatus,Avslutningsstatus,IL,innvilget-loennstilskudd-ufp
Avslutningsstatus,Avslutningsstatus,IM,innvilget-muntlig
Avslutningsstatus,Avslutningsstatus,IN,innvilget-ny-situasjon
Avslutningsstatus,Avslutningsstatus,IP,innvilget-pensjonist-utl
Avslutningsstatus,Avslutningsstatus,IR,ikke-registrert
Avslutningsstatus,Avslutningsstatus,IS,ikke-straffbart
Avslutningsstatus,Avslutningsstatus,IT,ikke-tilbakebetale
Avslutningsstatus,Avslutningsstatus,I1,innvilget-kurantmodell-1
Avslutningsstatus,Avslutningsstatus,K,konvertert
Avslutningsstatus,Avslutningsstatus,MA,mangl-aktiv
Avslutningsstatus,Avslutningsstatus,MB,maa-behandles
Avslutningsstatus,Avslutningsstatus,MI,midlertidig-innvilget
Avslutningsstatus,Avslutningsstatus,MO,midlertidig-opphoert
Avslutningsstatus,Avslutningsstatus,MR,midlertidig-redusert
Avslutningsstatus,Avslutningsstatus,MS,midlertidig-stans
Avslutningsstatus,Avslutningsstatus,MT,mottatt
Avslutningsstatus,Avslutningsstatus,NB,hjemvist-for-ny-behandling
Avslutningsstatus,Avslutningsstatus,NV,nytt-vilkaar
Avslutningsstatus,Avslutningsstatus,O,opphoert
Avslutningsstatus,Avslutningsstatus,OA,opphoer-pga-aktivitetskrav
Avslutningsstatus,Avslutningsstatus,OG,omgjort
Avslutningsstatus,Avslutningsstatus,OL,opphoer-loennstilskudd-ufp
Avslutningsstatus,Avslutningsstatus,OP,oppfoelgingsplan
Avslutningsstatus,Avslutningsstatus,OS,opphoer-pga-samboer
Avslutningsstatus,Avslutningsstatus,PA,politianmeldelse
Avslutningsstatus,Avslutningsstatus,P1,ufp-innv-norge-innv-utl
Avslutningsstatus,Avslutningsstatus,P2,ufp-innv-norge-delv-utl
Avslutningsstatus,Avslutningsstatus,P3,ufp-innv-norge-avsl-utl
Avslutningsstatus,Avslutningsstatus,R,redusert
Avslutningsstatus,Avslutningsstatus,RA,registrert-og-arkivert
Avslutningsstatus,Avslutningsstatus,RE,innvilget-reaktivisering
Avslutningsstatus,Avslutningsstatus,RL,redusert-loennstilskudd-ufp
Avslutningsstatus,Avslutningsstatus,RM,returnert-midlertidig
Avslutningsstatus,Avslutningsstatus,RO,reduksjon-eller-opphoer
Avslutningsstatus,Avslutningsstatus,RT,reisetilskott
Avslutningsstatus,Avslutningsstatus,SA,sykepenger-aktivisering
Avslutningsstatus,Avslutningsstatus,SB,sak-i-bero
Avslutningsstatus,Avslutningsstatus,SF,saerlige-forhold
Avslutningsstatus,Avslutningsstatus,SH,innvilget-sykepenger-hoeyest
Avslutningsstatus,Avslutningsstatus,SL,avbrutt-sakslinje-slettet
Avslutningsstatus,Avslutningsstatus,ST,sendt-trygdekontoret
Avslutningsstatus,Avslutningsstatus,SU,sendt-utland
Avslutningsstatus,Avslutningsstatus,SZ,avbrutt-sakslinje-endret
Avslutningsstatus,Avslutningsstatus,TB,tilbakebetale
Avslutningsstatus,Avslutningsstatus,TD,tvangsmulkt-delvis-fastholdt
Avslutningsstatus,Avslutningsstatus,TF,tvangsmulkt-fastholdt
Avslutningsstatus,Avslutningsstatus,TH,tips-henlagt
Avslutningsstatus,Avslutningsstatus,TI,tvangsinndrevet
Avslutningsstatus,Avslutningsstatus,TK,tvangsmulkt-opphevet
Avslutningsstatus,Avslutningsstatus,TO,tips-oppfoelging
Avslutningsstatus,Avslutningsstatus,TU,tidsbegrenset-innvilget
Avslutningsstatus,Avslutningsstatus,T1,tu -innv-norge-innv-utl
Avslutningsstatus,Avslutningsstatus,T2,tu-innv-norge-delv-utl
Avslutningsstatus,Avslutningsstatus,T3,tu-innv-norge-avsl-utl
Avslutningsstatus,Avslutningsstatus,U,uendret
Avslutningsstatus,Avslutningsstatus,UB,utbetaling
Avslutningsstatus,Avslutningsstatus,UF,opphoer-tu-innvilget-up
Avslutningsstatus,Avslutningsstatus,UI,umulig-aa-inndrive
Avslutningsstatus,Avslutningsstatus,UR,utan-resultat
Avslutningsstatus,Avslutningsstatus,US,utan-svar
Avslutningsstatus,Avslutningsstatus,UT,avslag-utenfor-tjeneste
Avslutningsstatus,Avslutningsstatus,VT,vedtak-tvangsinndrivelse
Avslutningsstatus,Avslutningsstatus,YA,yrkesrettet-attfoering
Avslutningsstatus,Avslutningsstatus,�,oekning
Avslutningsstatus,Avslutningsstatus,�H,oekning-rett-til-gar-grad
Avslutningsstatus,Avslutningsstatus,�L,oekning-loennstilskudd
Behandlingstype,Behandlingstype,A,ae0046
Behandlingstype,Behandlingstype,AG,ae0046
Behandlingstype,Behandlingstype,AS,ae0020
Behandlingstype,Behandlingstype,AT,ae0038
Behandlingstype,Behandlingstype,AV,ae0066
Behandlingstype,Behandlingstype,B,ae0039
Behandlingstype,Behandlingstype,BA,ae0048
Behandlingstype,Behandlingstype,BB,ae0067
Behandlingstype,Behandlingstype,BR,ae0068
Behandlingstype,Behandlingstype,DF,ae0069
Behandlingstype,Behandlingstype,DI,ae0042
Behandlingstype,Behandlingstype,E,ae0052
Behandlingstype,Behandlingstype,EG,ae0070
Behandlingstype,Behandlingstype,EK,ae0059
Behandlingstype,Behandlingstype,ER,ae0071
Behandlingstype,Behandlingstype,F,ae0072
Behandlingstype,Behandlingstype,FE,ae0073
Behandlingstype,Behandlingstype,FL,ae0057
Behandlingstype,Behandlingstype,FS,ae0074
Behandlingstype,Behandlingstype,FU,ae0008
Behandlingstype,Behandlingstype,G,ae0075
Behandlingstype,Behandlingstype,GA,ae0016
Behandlingstype,Behandlingstype,GD,ae0053
Behandlingstype,Behandlingstype,GM,ae0018
Behandlingstype,Behandlingstype,GO,ae0055
Behandlingstype,Behandlingstype,GR,ae0012
Behandlingstype,Behandlingstype,G�,ae0029
Behandlingstype,Behandlingstype,I,ae0076
Behandlingstype,Behandlingstype,IH,ae0077
Behandlingstype,Behandlingstype,IK,ae0035
Behandlingstype,Behandlingstype,J,ae0049
Behandlingstype,Behandlingstype,JP,ae0049
Behandlingstype,Behandlingstype,JT,ae0049
Behandlingstype,Behandlingstype,JU,ae0049
Behandlingstype,Behandlingstype,K,ae0058
Behandlingstype,Behandlingstype,KA,ae0050
Behandlingstype,Behandlingstype,KC,ae0058
Behandlingstype,Behandlingstype,KE,ae0024
Behandlingstype,Behandlingstype,KH,ae0013
Behandlingstype,Behandlingstype,KO,ae0023
Behandlingstype,Behandlingstype,KS,ae0025
Behandlingstype,Behandlingstype,KT,ae0041
Behandlingstype,Behandlingstype,KU,ae0078
Behandlingstype,Behandlingstype,KZ,ae0041
Behandlingstype,Behandlingstype,LT,ae0079
Behandlingstype,Behandlingstype,MB,ae0040
Behandlingstype,Behandlingstype,MG,ae0080
Behandlingstype,Behandlingstype,MI,ae0040
Behandlingstype,Behandlingstype,MO,ae0017
Behandlingstype,Behandlingstype,MR,ae0081
Behandlingstype,Behandlingstype,MS,ae0082
Behandlingstype,Behandlingstype,O,ae0083
Behandlingstype,Behandlingstype,OA,ae0084
Behandlingstype,Behandlingstype,OB,ae0084
Behandlingstype,Behandlingstype,OC,ae0084
Behandlingstype,Behandlingstype,OF,ae0085
Behandlingstype,Behandlingstype,OL,ae0086
Behandlingstype,Behandlingstype,OM,ae0009
Behandlingstype,Behandlingstype,OO,ae0087
Behandlingstype,Behandlingstype,OU,ae0084
Behandlingstype,Behandlingstype,PA,ae0088
Behandlingstype,Behandlingstype,PI,ae0089
Behandlingstype,Behandlingstype,PP,ae0022
Behandlingstype,Behandlingstype,R,ae0028
Behandlingstype,Behandlingstype,RA,ae0028
Behandlingstype,Behandlingstype,RB,ae0028
Behandlingstype,Behandlingstype,RE,ae0028
Behandlingstype,Behandlingstype,RF,ae0028
Behandlingstype,Behandlingstype,RM,ae0031
Behandlingstype,Behandlingstype,RP,ae0028
Behandlingstype,Behandlingstype,RT,ae0028
Behandlingstype,Behandlingstype,RV,ae0051
Behandlingstype,Behandlingstype,S,ae0034
Behandlingstype,Behandlingstype,SA,ae0090
Behandlingstype,Behandlingstype,SB,ae0084
Behandlingstype,Behandlingstype,SC,ae0084
Behandlingstype,Behandlingstype,SE,ae0033
Behandlingstype,Behandlingstype,SG,ae0011
Behandlingstype,Behandlingstype,SI,ae0091
Behandlingstype,Behandlingstype,SM,ae0092
Behandlingstype,Behandlingstype,SO,ae0093
Behandlingstype,Behandlingstype,SP,ae0094
Behandlingstype,Behandlingstype,SR,ae0027
Behandlingstype,Behandlingstype,SV,ae0095
Behandlingstype,Behandlingstype,S�,ae0019
Behandlingstype,Behandlingstype,T,ae0054
Behandlingstype,Behandlingstype,TA,ae0021
Behandlingstype,Behandlingstype,TE,ae0043
Behandlingstype,Behandlingstype,TF,ae0038
Behandlingstype,Behandlingstype,TK,ae0030
Behandlingstype,Behandlingstype,TP,ae0096
Behandlingstype,Behandlingstype,TS,ae0054
Behandlingstype,Behandlingstype,TT,ae0038
Behandlingstype,Behandlingstype,TU,ae0044
Behandlingstype,Behandlingstype,TV,ae0056
Behandlingstype,Behandlingstype,UA,ae0015
Behandlingstype,Behandlingstype,UB,ae0007
Behandlingstype,Behandlingstype,UD,ae0007
Behandlingstype,Behandlingstype,Y,ae0045
